"Source domain;
1.it.katalog-24.augustow.pl;
10100.1.listastron.bialystok.pl;
12buty.pl;
12buty.pl;
12buty.pl;
12buty.pl;
12buty.pl;
132.multi.seokatalog.beskidy.pl;
2015.lista.seo.ilawa.pl;
2016.lista.seo.ilawa.pl;
2017katalog.com.pl;
2naszeforum.info;
2naszeforum.info;
2naszeforum.info;
2naszeforum.info;
2pln.pl;
2pln.pl;
313.com.pl;
313.com.pl;
3naszeforum.info;
3naszeforum.info;
3naszeforum.info;
3naszeforum.info;
3ww.kuptanio.pl;
3ww.kuptanio.pl;
4ng.com.pl;
4ng.com.pl;
4young.pl;
4young.pl;
4young.pl;
4young.pl;
83.pl;
83.pl;
a.dom.seolista.bialowieza.pl;
abc.katalog24.augustow.pl;
access4all.eu;
access4all.eu;
access4all.eu;
access4all.eu;
access4all.eu;
adamdurski.pl;
adamdurski.pl;
adamdurski.pl;
adamdurski.pl;
adamdurski.pl;
adamdurski.pl;
adbit.pl;
adbit.pl;
adbit.pl;
adbit.pl;
addie.ml;
addie.ml;
adhoc.info.pl;
afrykanski.wpis.seo.ilawa.pl;
agc.seolista.bialowieza.pl;
agjewellers.com;
agro.strona.karpacz.pl;
agustiniano.org;
agustiniano.org;
aikijujutsu-yoseikan.pl;
alablog.pl;
alablog.pl;
alebiba.pl;
ale-biznes.edu.pl;
alefurra.pl;
alefurra.pl;
alefurra.pl;
alefurra.pl;
alefurra.pl;
alefurra.pl;
alefurra.pl;
alefurra.pl;
alefurra.pl;
alemocneforum.net.pl;
alemocneforum.net.pl;
alifeofwonder.com;
allani.pl;
allani.pl;
allani.pl;
allani.pl;
allani.pl;
allani.pl;
allani.pl;
allani.pl;
allani.pl;
allani.pl;
allani.pl;
allasiantoo.com;
alreco.com.pl;
alshehabinstitution.org;
alshehabinstitution.org;
alternatio.org;
alternatio.org;
amerykanski.wpis.seo.ilawa.pl;
andrychowonline.pl;
andrychowonline.pl;
andrychowonline.pl;
andrychowonline.pl;
andrychowonline.pl;
andrychowonline.pl;
anmexhibition.com;
anmexhibition.com;
apartamentypoleska.pl;
apartamentypoleska.pl;
apartamentypoleska.pl;
apps-forum.pl;
apps-forum.pl;
apps-forum.pl;
apps-forum.pl;
apps-forum.pl;
apps-forum.pl;
aptex.pl;
aptex.pl;
aptex.pl;
aptex.pl;
aptex.pl;
aptex.pl;
aptex.pl;
ari-maj.com;
ari-maj.com;
arty.badz-czasowy.pl;
arty.blog-forme.pl;
arty.blog-trans.pl;
arty.i-artyy.pl;
arty.new-oblicze.pl;
arty.seo-moda.pl;
arty.tematycznystyl.pl;
artyofirmach.com.pl;
artyofirmach.com.pl;
artyofirmach.com.pl;
artywnecie.info.pl;
artyyyy.org.pl;
artyyyy.org.pl;
asbp.net.pl;
atvluzakteam.pl;
atvluzakteam.pl;
atvluzakteam.pl;
atvluzakteam.pl;
atvluzakteam.pl;
atvluzakteam.pl;
atvluzakteam.pl;
atvluzakteam.pl;
aukcjezwierzat.pl;
aukcjezwierzat.pl;
aukcjezwierzat.pl;
aukcjezwierzat.pl;
aukcjezwierzat.pl;
aukcjezwierzat.pl;
aukcjezwierzat.pl;
aukcjezwierzat.pl;
aukcjezwierzat.pl;
aukcjezwierzat.pl;
auto.katalog24.augustow.pl;
auto.klasowyblog.info.pl;
auto-mlynarski.com.pl;
auto-mlynarski.com.pl;
auto-mlynarski.com.pl;
auto-mlynarski.com.pl;
auto-mlynarski.com.pl;
auto-mlynarski.com.pl;
auto-mlynarski.com.pl;
auto-mlynarski.com.pl;
auto-mlynarski.com.pl;
autor-dzielo.waw.pl;
autor-dzielo.waw.pl;
azzurrosasso.pl;
azzurrosasso.pl;
azzurrosasso.pl;
azzurrosasso.pl;
azzurrosasso.pl;
babcinakraina.com.pl;
babcinakraina.com.pl;
babcinakraina.com.pl;
babcinakraina.com.pl;
babcinakraina.com.pl;
babcinakraina.com.pl;
babskiesprawy.pl;
babskiesprawy.pl;
babskiesprawy.pl;
babskiesprawy.pl;
babskiesprawy.pl;
babskiesprawy.pl;
babskiesprawy.pl;
babskiesprawy.pl;
babskiesprawy.pl;
babskiesprawy.pl;
babskiesprawy.pl;
babskiesprawy.pl;
babskiesprawy.pl;
babskiesprawy.pl;
babskiesprawy.pl;
babskiesprawy.pl;
babskiesprawy.pl;
babskiesprawy.pl;
babskiesprawy.pl;
babskiesprawy.pl;
babskiesprawy.pl;
babskiesprawy.pl;
babskiesprawy.pl;
babskiesprawy.pl;
babskiesprawy.pl;
babskiesprawy.pl;
baddartours.com;
badz-czasowy.pl;
badz-czasowy.pl;
badznaforum.info.pl;
bahamy.tv.lista.kartuzy.pl;
baikal.net;
baikal.net;
baltykinfo.pl;
bambootheme.com;
bambootheme.com;
bambootheme.com;
bambootheme.com;
basketballgame.pl;
basketballgame.pl;
basketballgame.pl;
basketballgame.pl;
basketballgame.pl;
baza.dom.seolista.bialowieza.pl;
baza2.dom.seolista.bialowieza.pl;
bazaarproeco.pl;
bazaarproeco.pl;
bazaarproeco.pl;
bazaarproeco.pl;
bazaarproeco.pl;
beatrix.strona.karpacz.pl;
belradio.eu;
belradio.eu;
bialskie.miasto.wielka.olawa.pl;
bieszczadyinfo.pl;
bieszczadyinfo.pl;
bieszczadyinfo.pl;
biletwnet.pl;
biletwnet.pl;
bistroprint.net;
bizad.pl;
bizad.pl;
biznes.baza-biznesu.edu.pl;
biznes.biznesowe-fora.org.pl;
biznes.biznesowe-fora.org.pl;
biznes.branzowykatalog.edu.pl;
biznes.dlapozycjonerow.edu.pl;
biznes.dodajbiznes.org.pl;
biznes.dodajfirme.net.pl;
biznes.dokatalogu.org.pl;
biznes.dyskusjaforum.net.pl;
biznes.dyskutujemyo.biz.pl;
biznes.ertus.biz.pl;
biznes.finalny.edu.pl;
biznes.firmawkatalogu.com.pl;
biznes.fora-zpasji.com.pl;
biznes.forum-dyskusja-o.biz.pl;
biznes.forum-dyskusja-o.biz.pl;
biznes.forumpolska.biz.pl;
biznes.forumpolska.net.pl;
biznes.forum-polski.edu.pl;
biznes.forum-tematyczne.net.pl;
biznes.forum-tematyczne.org.pl;
biznes.forumtwoje.net.pl;
biznes.freekat.edu.pl;
biznes.gwiazderski.info.pl;
biznes.harcerski.info.pl;
biznes.kaskaderski.net.pl;
biznes.katalogbiznesowy.edu.pl;
biznes.katalogdla.info.pl;
biznes.katalogdlabiznesu.pl;
biznes.katalognatopie.org.pl;
biznes.katalogpodlupa.biz.pl;
biznes.lista-firm.net.pl;
biznes.mega-katalog.info.pl;
biznes.moje-forum.biz.pl;
biznes.moje-forum.net.pl;
biznes.moje-forum.org.pl;
biznes.natopiefora.biz.pl;
biznes.natopiefora.net.pl;
biznes.natopiefora.org.pl;
biznes.nowadyskusja-pl.org.pl;
biznes.nowootwarty.net.pl;
biznes.nowykatalog.net.pl;
biznes.otwartykat.net.pl;
biznes.pfd-forum.org.pl;
biznes.pionerski.biz.pl;
biznes.podokiem.org.pl;
biznes.polska-forum.org.pl;
biznes.polskie-fora.net.pl;
biznes.stronyzpr.net.pl;
biznes.superkat.com.pl;
biznes.swiatowykat.com.pl;
biznes.szybkikatalog.biz.pl;
biznes.tematforum.biz.pl;
biznes.tematycznefora.biz.pl;
biznes.tematyczne-fora.biz.pl;
biznes.tematycznefora.net.pl;
biznes.top-forum.biz.pl;
biznes.top-forum.net.pl;
biznes.top-forum.org.pl;
biznes.twojadyskusja-pl.org.pl;
biznes.twojafirmaa.com.pl;
biznes.tworzymybaze.com.pl;
biznes.uni-kat.info.pl;
biznes.wkatalogu.biz.pl;
biznes.zbiorinformacji.org.pl;
biznes.zbiorwiedzy.org.pl;
biznes2017.biz.pl;
biznesafirma.pl;
biznesfinder.pl;
biznesfinder.pl;
biznesfinder.pl;
biznesfinder.pl;
biznesfinder.pl;
biznesfinder.pl;
biznesfinder.pl;
biznesfinder.pl;
biznesfinder.pl;
biznes-forum.net.pl;
biznesowe.biznes-forum.net.pl;
biznesowe.biznesowe-fora.org.pl;
biznesowe.dyskusjaforum.net.pl;
biznesowe.dyskusjatop.biz.pl;
biznesowe.dyskutujemyo.biz.pl;
biznesowe.fora-zpasji.com.pl;
biznesowe.forum-dyskusja-o.biz.pl;
biznesowe.forum-dyskutujemy.biz.pl;
biznesowe.forumpolska.biz.pl;
biznesowe.forumpolska.net.pl;
biznesowe.forum-polski.edu.pl;
biznesowe.forum-tematyczne.net.pl;
biznesowe.forum-tematyczne.org.pl;
biznesowe.forumtwoje.net.pl;
biznesowe.gdzieznalezc.org.pl;
biznesowe.maszproblem.biz.pl;
biznesowe.mojadyskusja.org.pl;
biznesowe.moje-forum.biz.pl;
biznesowe.moje-forum.net.pl;
biznesowe.moje-forum.org.pl;
biznesowe.natopiefora.biz.pl;
biznesowe.natopiefora.net.pl;
biznesowe.natopiefora.org.pl;
biznesowe.nowadyskusja-pl.org.pl;
biznesowe.pfd-forum.org.pl;
biznesowe.pfd-forum.org.pl;
biznesowe.polska-forum.org.pl;
biznesowe.polskie-fora.biz.pl;
biznesowe.polskie-fora.net.pl;
biznesowe.tematforum.biz.pl;
biznesowe.tematycznefora.biz.pl;
biznesowe.tematyczne-fora.biz.pl;
biznesowe.tematycznefora.net.pl;
biznesowe.top-forum.biz.pl;
biznesowe.top-forum.net.pl;
biznesowe.top-forum.org.pl;
biznesowe.twojadyskusja-pl.org.pl;
biznesowe-fora.org.pl;
blacharz.historia-bloga.pl;
blacharz.new-newsy.pl;
blacharz.poradadla-was.pl;
blog.katowice.pl;
blog.katowice.pl;
blog-forme.pl;
blog-gigant.pl;
blog-gigant.pl;
bloggoo.org.pl;
bloggoo.org.pl;
bloggoo.org.pl;
bloggoo.org.pl;
bloggoo.org.pl;
bloggoo.org.pl;
bloggoo.org.pl;
blogity.org.pl;
blogity.org.pl;
bloglovin.com;
bloglovin.com;
bloglovin.com;
bloglovin.com;
bloglovin.com;
bloglovin.com;
blogostrfa.co.pl;
blogostrfa.co.pl;
blogostrfa.co.pl;
blogostrfa.co.pl;
blogostrfa.co.pl;
blogostrfa.co.pl;
blogostrfa.co.pl;
blogostrfa.co.pl;
blogowe-opinie.pl;
blog-trans.pl;
blog-trans.pl;
blogzwiedza.org.pl;
blogzwiedza.org.pl;
blooger.pl;
blooger.pl;
blueforum.eu;
blueforum.eu;
blueforum.eu;
blueforum.eu;
blueforum.eu;
blueforum.eu;
blueforum.eu;
blueforum.eu;
blueforum.eu;
blueforum.eu;
blueforum.eu;
blueforum.eu;
blueforum.eu;
blueforum.eu;
blueforum.eu;
blueforum.eu;
bluesidla.pl;
bluesidla.pl;
bluesidla.pl;
bob-art.com.pl;
bob-art.com.pl;
bob-art.com.pl;
br.pinterest.com;
br.pinterest.com;
br.pinterest.com;
br.pinterest.com;
branzowe.alemocne.com.pl;
branzowe.czasnafirme.info.pl;
branzowe.czasprawdy.org.pl;
branzowe.czystaprawda.biz.pl;
branzowe.czystaprawda.biz.pl;
branzowe.czytajofirmach.com.pl;
branzowe.dodajswojaopinie.net.pl;
branzowe.firmanatopie.edu.pl;
branzowe.infonaforum.edu.pl;
branzowe.infoofirmach.edu.pl;
branzowe.klienciofirmach.info.pl;
branzowe.ktorafirma.net.pl;
branzowe.mamywiesci.com.pl;
branzowe.mixwiesci.biz.pl;
branzowe.mococen.info.pl;
branzowe.mocopinii.info.pl;
branzowe.piszeklient.net.pl;
branzowe.pluspost.biz.pl;
branzowe.wiescinaforum.com.pl;
branzowe.znasztafirme.net.pl;
bre.net.pl;
bre.net.pl;
brown.abc.katalog24.augustow.pl;
btobdesign.eu;
btobdesign.eu;
btobdesign.eu;
budconsult.com.pl;
budconsult.com.pl;
bud-consulting.net.pl;
budujemydomnadziei.pl;
budujemydomnadziei.pl;
budujemydomnadziei.pl;
budujemydomnadziei.pl;
budujemydomnadziei.pl;
budujemydomnadziei.pl;
budujemydomnadziei.pl;
budujemydomnadziei.pl;
budujemydomnadziei.pl;
budujemydomnadziei.pl;
buenotravel.net.pl;
buenotravel.net.pl;
bugafy.com;
bugafy.com;
bugafy.com;
bugafy.com;
bugafy.com;
burdastyle.com;
burdastyle.com;
burdastyle.com;
burdastyle.com;
burdastyle.com;
burdastyle.com;
burdastyle.com;
burdastyle.com;
burdastyle.com;
burdastyle.com;
busy.blog-neo.pl;
busy.czasowy-blog.pl;
busy.dodaj-nowosc.pl;
busy.dodawaj-blogi.pl;
busy.historia-bloga.pl;
busy.nowa-wartosc.pl;
busy.opinie-oseo.pl;
busy.seo-moda.pl;
buszczynowa.miasto.wielka.olawa.pl;
but365.pl;
but365.pl;
but365.pl;
but365.pl;
but365.pl;
but365.pl;
but365.pl;
but365.pl;
but365.pl;
but365.pl;
but365.pl;
but365.pl;
but365.pl;
but365.pl;
but365.pl;
but365.pl;
but365.pl;
but365.pl;
but365.pl;
but365.pl;
but365.pl;
but365.pl;
but365.pl;
but365.pl;
but365.pl;
but365.pl;
but365.pl;
but365.pl;
but365.pl;
but365.pl;
but365.pl;
but365.pl;
but365.pl;
but365.pl;
but365.pl;
but365.pl;
but365.pl;
but365.pl;
but365.pl;
but365.pl;
but365.pl;
but365.pl;
but365.pl;
but365.pl;
but365.pl;
but365.pl;
but365.pl;
but365.pl;
but365.pl;
but365.pl;
but365.pl;
but365.pl;
but365.pl;
but365.pl;
but365.pl;
but365.pl;
butyblog.pl;
butyblog.pl;
butyblog.pl;
butyblog.pl;
butyblog.pl;
butyblog.pl;
butyblog.pl;
butyblog.pl;
butyblog.pl;
butyblog.pl;
butyblog.pl;
butyblog.pl;
butyblog.pl;
butyblog.pl;
butyblog.pl;
butyblog.pl;
butyblog.pl;
butyblog.pl;
butyblog.pl;
butyblog.pl;
butyblog.pl;
butyblog.pl;
butyblog.pl;
butyblog.pl;
butyblog.pl;
butyblog.pl;
butyblog.pl;
butyblog.pl;
butyblog.pl;
butyblog.pl;
butyblog.pl;
butyblog.pl;
butyblog.pl;
butyblog.pl;
butyblog.pl;
butyblog.pl;
butyblog.pl;
butyblog.pl;
butyblog.pl;
butyblog.pl;
butyblog.pl;
butyblog.pl;
butyblog.pl;
butyblog.pl;
butyblog.pl;
butyblog.pl;
butyblog.pl;
butyblog.pl;
butyblog.pl;
butyblog.pl;
butyblog.pl;
butyblog.pl;
butyblog.pl;
butyblog.pl;
butyblog.pl;
butyblog.pl;
butyblog.pl;
butyblog.pl;
butyblog.pl;
butyblog.pl;
butyblog.pl;
butyblog.pl;
butyblog.pl;
butyblog.pl;
butyblog.pl;
butyblog.pl;
butyblog.pl;
butyblog.pl;
butyblog.pl;
butyblog.pl;
butyblog.pl;
butyblog.pl;
butyblog.pl;
butyblog.pl;
butyblog.pl;
butyblog.pl;
butyblog.pl;
butyblog.pl;
butyblog.pl;
butyblog.pl;
butyblog.pl;
butyblog.pl;
butyblog.pl;
butyblog.pl;
butyblog.pl;
butyblog.pl;
butyblog.pl;
butyblog.pl;
butyblog.pl;
butyblog.pl;
butyblog.pl;
butyblog.pl;
butyblog.pl;
butyblog.pl;
butyblog.pl;
butyblog.pl;
butyblog.pl;
butyblog.pl;
butyblog.pl;
butyblog.pl;
butyblog.pl;
butyblog.pl;
butyblog.pl;
butyblog.pl;
butyblog.pl;
butyblog.pl;
butyblog.pl;
butyblog.pl;
butyblog.pl;
butyblog.pl;
butyblog.pl;
butyblog.pl;
butyblog.pl;
butyblog.pl;
butyblog.pl;
butyblog.pl;
butyblog.pl;
butyblog.pl;
butyblog.pl;
butyblog.pl;
butyblog.pl;
butyblog.pl;
butyblog.pl;
butyblog.pl;
butyblog.pl;
butyblog.pl;
butyblog.pl;
butyblog.pl;
butyblog.pl;
butyblog.pl;
butyblog.pl;
butyblog.pl;
butyblog.pl;
butyblog.pl;
butyblog.pl;
byoungbfitness.com;
byoungbfitness.com;
byoungbfitness.com;
byoungbfitness.com;
c.dom.seolista.bialowieza.pl;
cafemanggha.pl;
cafemanggha.pl;
cafemanggha.pl;
canino-real.com;
capitolfibres.com;
capitolfibres.com;
catv.com.pl;
catv.com.pl;
catv.com.pl;
cdn2.lookbook.nu;
cdn2.lookbook.nu;
cds.edu.pl;
cds.edu.pl;
cds.edu.pl;
center.sport.kuptanio.pl;
center.sport.kuptanio.pl;
centrum.wielka.olawa.pl;
centrumszkolnictwa.com.pl;
centrumszkolnictwa.com.pl;
cftastevin.com;
chemia.blogzpasja.info.pl;
chemia.mamybiznesy.com.pl;
chemia.mamybiznesy.com.pl;
chemia.maszfirmee.net.pl;
chemia.noweczytanie.info.pl;
chillcreations.eu;
chillcreations.eu;
chillcreations.eu;
chillcreations.eu;
chillcreations.eu;
chillcreations.eu;
china-yw-ceramics.com;
china-yw-ceramics.com;
china-yw-ceramics.com;
ciasteczka.biz.pl;
ciasteczka.biz.pl;
ciasteczka.biz.pl;
ciasteczka.biz.pl;
ciasteczka.biz.pl;
ciasteczka.biz.pl;
ciasteczka.biz.pl;
ciasteczka.biz.pl;
ciasteczka.zaklety.seo.ilawa.pl;
cinematronfilms.com;
cinematronfilms.com;
citysystems.com.pl;
citysystems.com.pl;
cmcu-cm.com;
cmcu-cm.com;
c-mebel.com;
cobaltboats.com.pl;
cohccministries.org;
comand.seo24.gatrem3.seo-linuxpl.com;
comeu.seo.ilawa.pl;
constructum-ec.com;
constructum-ec.com;
constructum-ec.com;
constructum-ec.com;
constructum-ec.com;
continental-cst.pl;
continental-cst.pl;
continental-cst.pl;
controlwebs.pl;
cookies.co.pl;
cookies.co.pl;
cookies.co.pl;
cookies.co.pl;
cookies.co.pl;
cookies.co.pl;
cookies.co.pl;
cookies.co.pl;
cookies.info.pl;
cookies.info.pl;
cookies.info.pl;
cop19.org.pl;
coratelco.com;
coratelco.com;
cosnowego.edu.pl;
cotamwszkole.com.pl;
cotamwszkole.com.pl;
cotamwszkole.com.pl;
co-wybrac.org.pl;
co-wybrac.org.pl;
cpsaccounting.pl;
cpsaccounting.pl;
cpsaccounting.pl;
cpsaccounting.pl;
cpsaccounting.pl;
cpsaccounting.pl;
cpsaccounting.pl;
cpsaccounting.pl;
cpsaccounting.pl;
cpsaccounting.pl;
csbh.cz;
csbh.cz;
csbh.cz;
csbh.cz;
csbh.cz;
csbh.cz;
csbh.cz;
csbh.cz;
csbh.cz;
csbh.cz;
csbh.cz;
csbh.cz;
csbh.cz;
csbh.cz;
csbh.cz;
csbh.cz;
csbh.cz;
csbh.cz;
csbh.cz;
csbh.cz;
csbh.cz;
csbh.cz;
csbh.cz;
csbh.cz;
csbh.cz;
csbh.cz;
csbh.cz;
csbh.cz;
csbh.cz;
csbh.cz;
csbh.cz;
csbh.cz;
csbh.cz;
csbh.cz;
csbh.cz;
csbh.cz;
csbh.cz;
csbh.cz;
csbh.cz;
csbh.cz;
csbh.cz;
csbh.cz;
csbh.cz;
csbh.cz;
csbh.cz;
csbh.cz;
csbh.cz;
csbh.cz;
csbh.cz;
csbh.cz;
csbh.cz;
csbh.cz;
csbh.cz;
csbh.cz;
csbh.cz;
csbh.cz;
csbh.cz;
csbh.cz;
csbh.cz;
csbh.cz;
csbh.cz;
csbh.cz;
csbh.cz;
csbh.cz;
csbi.pl;
csbi.pl;
csbi.pl;
csbi.pl;
csbi.pl;
csbi.pl;
csbi.pl;
csbi.pl;
csbi.pl;
csbi.pl;
csbi.pl;
csbi.pl;
csbi.pl;
csbi.pl;
csbi.pl;
csbi.pl;
csbi.pl;
csbi.pl;
csbi.pl;
csbi.pl;
csbi.pl;
csbi.pl;
csbi.pl;
cs-zajawka.pl;
czarneseo.abc.katalog24.augustow.pl;
czarneseo.abc.katalog24.augustow.pl;
czasdlabiznesu.com.pl;
czasdlabiznesu.com.pl;
czasdlafirmm.biz.pl;
czasdlafirmm.biz.pl;
czasdlafirmm.biz.pl;
czasdlafirmm.biz.pl;
czasdlafirmm.biz.pl;
czasdlafirmm.biz.pl;
czasnabiznes.biz.pl;
czasnaforum.ovh;
czasnaopinie.info.pl;
czasopinii.com.pl;
czasopismo.firmynaczasie.org.pl;
czasopismo.mamywas.org.pl;
czasowy-blog.pl;
czasowy-blog.pl;
czasprawdy.org.pl;
czas-prawdy.org.pl;
czerwony.babia-gora.pl;
czystaprawda.biz.pl;
czytajofirmach.com.pl;
czytajwiecej.com.pl;
darmoweogloszenia.augustow.pl;
darmoweogloszenia.augustow.pl;
darmoweogloszenia.augustow.pl;
darmoweogloszenia.augustow.pl;
darmoweogloszenia.augustow.pl;
darmoweogloszenia.augustow.pl;
darmoweogloszenia.augustow.pl;
darmoweogloszenia.augustow.pl;
darmoweogloszenia.augustow.pl;
darmoweogloszenia.augustow.pl;
darmoweogloszenia.bedzin.pl;
darmoweogloszenia.bytom.pl;
darmoweogloszenia.bytom.pl;
darmoweogloszenia.bytom.pl;
darmoweogloszenia.bytom.pl;
darmoweogloszenia.bytom.pl;
darmoweogloszenia.bytom.pl;
darmoweogloszenia.bytom.pl;
darmoweogloszenia.bytom.pl;
darmoweogloszenia.bytom.pl;
darmoweogloszenia.bytom.pl;
darmoweogloszenia.bytom.pl;
darmoweogloszenia.bytom.pl;
darmoweogloszenia.bytom.pl;
darmoweogloszenia.bytom.pl;
darmoweogloszenia.bytom.pl;
darmoweogloszenia.bytom.pl;
darmoweogloszenia.bytom.pl;
darmoweogloszenia.bytom.pl;
darmoweogloszenia.bytom.pl;
darmoweogloszenia.cieszyn.pl;
darmoweogloszenia.cieszyn.pl;
darmoweogloszenia.cieszyn.pl;
darmoweogloszenia.cieszyn.pl;
darmoweogloszenia.cieszyn.pl;
darmoweogloszenia.cieszyn.pl;
darmoweogloszenia.cieszyn.pl;
darmoweogloszenia.cieszyn.pl;
darmoweogloszenia.cieszyn.pl;
darmoweogloszenia.cieszyn.pl;
darmoweogloszenia.cieszyn.pl;
darmoweogloszenia.cieszyn.pl;
darmoweogloszenia.cieszyn.pl;
darmoweogloszenia.cieszyn.pl;
darmoweogloszenia.cieszyn.pl;
darmoweogloszenia.cieszyn.pl;
darmoweogloszenia.cieszyn.pl;
darmoweogloszenia.elblag.pl;
darmoweogloszenia.elblag.pl;
darmoweogloszenia.elblag.pl;
darmoweogloszenia.elblag.pl;
darmoweogloszenia.elblag.pl;
darmoweogloszenia.elblag.pl;
darmoweogloszenia.gniezno.pl;
darmoweogloszenia.gniezno.pl;
darmoweogloszenia.gniezno.pl;
darmoweogloszenia.gniezno.pl;
darmoweogloszenia.gniezno.pl;
darmoweogloszenia.gniezno.pl;
darmoweogloszenia.gniezno.pl;
darmoweogloszenia.gniezno.pl;
darmoweogloszenia.gniezno.pl;
darmoweogloszenia.gniezno.pl;
darmoweogloszenia.gniezno.pl;
darmoweogloszenia.gniezno.pl;
darmoweogloszenia.gniezno.pl;
darmoweogloszenia.gniezno.pl;
darmoweogloszenia.gniezno.pl;
darmoweogloszenia.gniezno.pl;
darmoweogloszenia.gniezno.pl;
darmoweogloszenia.karpacz.pl;
darmoweogloszenia.karpacz.pl;
darmoweogloszenia.karpacz.pl;
darmoweogloszenia.karpacz.pl;
darmoweogloszenia.karpacz.pl;
darmoweogloszenia.karpacz.pl;
darmoweogloszenia.karpacz.pl;
darmoweogloszenia.kolobrzeg.pl;
darmoweogloszenia.kolobrzeg.pl;
darmoweogloszenia.kolobrzeg.pl;
darmoweogloszenia.kolobrzeg.pl;
darmoweogloszenia.malopolska.pl;
darmoweogloszenia.malopolska.pl;
darmoweogloszenia.malopolska.pl;
darmoweogloszenia.malopolska.pl;
darmoweogloszenia.malopolska.pl;
darmoweogloszenia.malopolska.pl;
darmoweogloszenia.mazury.pl;
darmoweogloszenia.mazury.pl;
darmoweogloszenia.mazury.pl;
darmoweogloszenia.mazury.pl;
darmoweogloszenia.mazury.pl;
darmoweogloszenia.mazury.pl;
darmoweogloszenia.mazury.pl;
darmoweogloszenia.mazury.pl;
dblots.pl;
dblots.pl;
de.pinterest.com;
de.pinterest.com;
de.pinterest.com;
de.pinterest.com;
de.pinterest.com;
de.pinterest.com;
de.pinterest.com;
de.pinterest.com;
dedo.com.pl;
dekulinarny.blog.pl;
dekulinarny.blog.pl;
dekulinarny.blog.pl;
dekulinarny.blog.pl;
dekulinarny.blog.pl;
delikatesywsieci.pl;
delikatesywsieci.pl;
deltaprototypes.com.pl;
deltaprototypes.com.pl;
deltaprototypes.com.pl;
deltaprototypes.com.pl;
dialogoyaccion.com;
dialogoyaccion.com;
diedich1972.id.joe.pl;
dietetyczny.net.pl;
dietetyczny.net.pl;
digtel.pl;
digtel.pl;
digtel.pl;
digtel.pl;
digtel.pl;
digtel.pl;
digtel.pl;
diino.eu;
diino.eu;
diino.eu;
diino.eu;
diino.eu;
diino.eu;
diomedia.eu;
diomedia.eu;
diomedia.eu;
diomedia.eu;
disco-taniec.info.pl;
dlaciebie.artyyyy.org.pl;
dlaciebie.czasdlafirmm.biz.pl;
dlaciebie.czasdlafirmm.biz.pl;
dlaciebie.netnatopie.info.pl;
dlaciebie.swiezyblog.biz.pl;
dlakazdego.blog-forme.pl;
dlakazdego.blog-trans.pl;
dlakazdego.historia-bloga.pl;
dlakazdego.mix-wartosci.pl;
dlakazdego.moda-nablogu.pl;
dlakazdego.opinie-oseo.pl;
dlakazdego.seo-moda.pl;
dlamalych.artyofirmach.com.pl;
dlamalych.artyofirmach.com.pl;
dlamalych.badz-czasowy.pl;
dlamalych.blogowe-opinie.pl;
dlamalych.czasdlabiznesu.com.pl;
dlamalych.ekstra-blog.pl;
dlamalych.ekstra-blog.pl;
dlamalych.gigant-blog.pl;
dlapana.firma-nablogu.info.pl;
dlapana.firmy-nablogu.info.pl;
dlapana.mamyfirmy.info.pl;
dlapana.piszwiecej.org.pl;
dlapana.piszwiecej.org.pl;
dlapozycjonerow.edu.pl;
dlarodziny.blog-jarski.pl;
dlarodziny.blog-jarski.pl;
dlarodziny.duzy-blog.pl;
dlarodziny.e-blogowac.pl;
dlarodziny.fakt-mit.pl;
dlarodziny.full-tresci.pl;
dlarodziny.naturalne-blogi.pl;
dlarodziny.naturalne-blogi.pl;
dlarodziny.new-oblicze.pl;
dlarodziny.piszemy-madrze.pl;
dlarodziny.piszemy-madrze.pl;
dlarodziny.tematycznystyl.pl;
dlawas.blog2015.org.pl;
dlawas.blogzwiedza.org.pl;
dlawas.firmynaczasie.org.pl;
dlawas.gigantynablogu.edu.pl;
dlawas.maszfirmee.net.pl;
dlawas.maszfirmee.net.pl;
dlawas.wiescizinternetu.biz.pl;
dlawas.wiescizinternetu.biz.pl;
dobreforum.info.pl;
dobreforum.phorum.pl;
dobreforum.phorum.pl;
dobreforum.phorum.pl;
dobreforum.phorum.pl;
dobreforum.phorum.pl;
dobre-przyprawy.pl;
dobre-strony.net;
dobre-strony.net;
dobrewiescii.com.pl;
dobry.2017katalog.com.pl;
dobry.gwiazdor-katalog.org.pl;
dobry.katalogus.net.pl;
dobry.katalog-vip.com.pl;
dobry.kat-regionalny.biz.pl;
dobry.polskiekatalogistron.org.pl;
dobry.regionalne-katalogi.org.pl;
dobry.seo24.biz.pl;
dobryinteres.org.pl;
dobryinteres.org.pl;
dobry-katalog.net;
dobry-katalog.net;
dobry-seokatalog.pl;
dodaj.info;
dodaj.info;
dodajfirme.net.pl;
dodaj-post.pl;
dodaj-strone.com.pl;
dodawaj.ovh;
dodawaj-blogi.pl;
dodawaj-blogi.pl;
dokatalogu.org.pl;
dopingtv.pl;
dopingtv.pl;
dopingtv.pl;
downtownexpress.com;
downtownexpress.com;
drift-open.pl;
drift-open.pl;
druk.czas-pisania.pl;
druk.e-artykulyy.pl;
druk.full-art.pl;
druk123.pl;
druk123.pl;
druk123.pl;
dune-publicidad.info;
dune-publicidad.info;
duplicate.zaklety.seo.ilawa.pl;
duzy-blog.pl;
dyskotekagrzes.pl;
dyskusjaforum.net.pl;
dyskusjatop.biz.pl;
dyskusje.artyofirmach.com.pl;
dyskusje.artyyyy.org.pl;
dyskusje.blogzpasja.info.pl;
dyskusje.czytajoo.com.pl;
dyskusje.czytaj-wiecej.info.pl;
dyskusje.klasowyblog.info.pl;
dyskusje.mamyfirmy.info.pl;
dyskusje.wiescizinternetu.biz.pl;
dyskusje.wiescizinternetu.biz.pl;
dyskusje.znany-blog.com.pl;
ebooki.artyofirmach.com.pl;
ebooki.artywnecie.info.pl;
ebooki.blogity.org.pl;
ebooki.swiezyblog.biz.pl;
e-computer.pl;
ecux.eu;
ecux.eu;
ecux.eu;
ecux.eu;
ecux.eu;
ecux.eu;
ecux.eu;
ecux.eu;
ecux.eu;
ecux.eu;
ecux.eu;
ecux.eu;
ecux.eu;
ecux.eu;
ecux.eu;
ecux.eu;
ecux.eu;
ecux.eu;
ecux.eu;
ecux.eu;
edukacyjnykatalog.edu.pl;
e-forum.net.pl;
e-francuski.pl;
e-francuski.pl;
e-francuski.pl;
e-francuski.pl;
e-francuski.pl;
e-francuski.pl;
e-francuski.pl;
e-francuski.pl;
e-francuski.pl;
e-francuski.pl;
e-francuski.pl;
e-francuski.pl;
e-francuski.pl;
e-francuski.pl;
e-francuski.pl;
e-francuski.pl;
ekip.pl;
ekip.pl;
ekobiety.pl;
ekobiety.pl;
ekobiety.pl;
ekobiety.pl;
ekobiety.pl;
ekobiety.pl;
ekobiety.pl;
ekobiety.pl;
ekobiety.pl;
ekobiety.pl;
ekobiety.pl;
ekobiety.pl;
ekobiety.pl;
ekobiety.pl;
ekobiety.pl;
ekobiety.pl;
ekobiety.pl;
ekobiety.pl;
ekobiety.pl;
ekobiety.pl;
ekobiety.pl;
ekobiety.pl;
ekobiety.pl;
ekobiety.pl;
ekobiety.pl;
ekobiety.pl;
ekobiety.pl;
ekobiety.pl;
ekobiety.pl;
ekobiety.pl;
ekobiety.pl;
ekobiety.pl;
ekobiety.pl;
ekobiety.pl;
ekobiety.pl;
ekobiety.pl;
ekobiety.pl;
ekobiety.pl;
ekobiety.pl;
ekobiety.pl;
ekobiety.pl;
ekobiety.pl;
ekobiety.pl;
ekobiety.pl;
ekobiety.pl;
ekobiety.pl;
ekobiety.pl;
ekobiety.pl;
ekobiety.pl;
ekobiety.pl;
ekobiety.pl;
ekobiety.pl;
ekobiety.pl;
ekobiety.pl;
ekobiety.pl;
ekobiety.pl;
ekobiety.pl;
ekobiety.pl;
ekobiety.pl;
ekobiety.pl;
ekobiety.pl;
ekobiety.pl;
ekobiety.pl;
ekobiety.pl;
ekobiety.pl;
ekobiety.pl;
ekobiety.pl;
ekobiety.pl;
ekobiety.pl;
ekobiety.pl;
ekobiety.pl;
ekobiety.pl;
ekobiety.pl;
ekobiety.pl;
ekobiety.pl;
ekobiety.pl;
ekobiety.pl;
ekobiety.pl;
ekobiety.pl;
ekobiety.pl;
ekobiety.pl;
ekobiety.pl;
ekobiety.pl;
ekobiety.pl;
ekobiety.pl;
ekobiety.pl;
ekobiety.pl;
ekobiety.pl;
ekobiety.pl;
ekobiety.pl;
ekobiety.pl;
ekobiety.pl;
ekobiety.pl;
ekobiety.pl;
ekobiety.pl;
ekobiety.pl;
ekobiety.pl;
ekobiety.pl;
ekobiety.pl;
ekobiety.pl;
ekobiety.pl;
ekobiety.pl;
ekobiety.pl;
ekobiety.pl;
ekobiety.pl;
ekobiety.pl;
ekobiety.pl;
ekobiety.pl;
ekobiety.pl;
ekobiety.pl;
ekobiety.pl;
ekobiety.pl;
ekobiety.pl;
ekobiety.pl;
ekobiety.pl;
ekobiety.pl;
ekobiety.pl;
ekobiety.pl;
ekobiety.pl;
ekobiety.pl;
ekobiety.pl;
ekobiety.pl;
ekomatic.pl;
ekomatic.pl;
ekomatic.pl;
ekomatic.pl;
ekomatic.pl;
ekomatic.pl;
ekomatic.pl;
ekonomiczny.kat-regionalny.biz.pl;
ekonomiczny.polskiekatalogistron.org.pl;
ekonomiczny.regioinfo.biz.pl;
ekonomiczny.regionalne-katalogi.org.pl;
ekonomiczny.seo24.biz.pl;
ekonomiczny.vip-katalog.info.pl;
elektro.strona.karpacz.pl;
elektryk.blog-gigant.pl;
elektryk.blog-trans.pl;
elektryk.czasowy-blog.pl;
elektryk.full-tresci.pl;
elektryk.garsc-wiedzy.pl;
elektryk.moda-nablogu.pl;
elektryk.naturalne-blogi.pl;
elektryk.piszemy-madrze.pl;
elfal.com.pl;
elondyn.co.uk;
elondyn.co.uk;
email.kat.seolista.bialowieza.pl;
e-mlodzi.com;
e-mlodzi.com;
e-mlodzi.com;
e-mlodzi.com;
e-mlodzi.com;
e-mlodzi.com;
e-mlodzi.com;
e-mlodzi.com;
e-mlodzi.com;
e-mlodzi.com;
e-mlodzi.com;
e-mlodzi.com;
e-mlodzi.com;
e-mlodzi.com;
e-mlodzi.com;
e-mlodzi.com;
e-mlodzi.com;
e-mlodzi.com;
e-mlodzi.com;
e-mlodzi.com;
emocje.blog-wojenny.pl;
emocje.e-artykulyy.pl;
emocje.garsc-wiedzy.pl;
emocje.i-artyy.pl;
emocje.masz-bloga.pl;
emocje.mix-wartosci.pl;
emocje.piszemy-madrze.pl;
endorfinastudio.pl;
endorfinastudio.pl;
endorfinastudio.pl;
e-neonet.com.pl;
ertech.com.pl;
ertech.com.pl;
ertech.com.pl;
es.pinterest.com;
es.pinterest.com;
es.pinterest.com;
es.pinterest.com;
es.pinterest.com;
es.pinterest.com;
es.pinterest.com;
es.pinterest.com;
es.pinterest.com;
es.pinterest.com;
es.pinterest.com;
es.pinterest.com;
es.pinterest.com;
es.pinterest.com;
es.pinterest.com;
es.pinterest.com;
es.pinterest.com;
es.pinterest.com;
es.pinterest.com;
es.pinterest.com;
es.pinterest.com;
es.pinterest.com;
es.pinterest.com;
e-singiel.pl;
e-singiel.pl;
e-singiel.pl;
e-singiel.pl;
estradowiec.pl;
estradowiec.pl;
estradowiec.pl;
estradowiec.pl;
estradowiec.pl;
estradowiec.pl;
estradowiec.pl;
estradowiec.pl;
eureval.eu;
eureval.eu;
eureval.eu;
eureval.eu;
eureval.eu;
eureval.eu;
eureval.eu;
eureval.eu;
eureval.eu;
eureval.eu;
eureval.eu;
eureval.eu;
eureval.eu;
eureval.eu;
eureval.eu;
eureval.eu;
eureval.eu;
eureval.eu;
eureval.eu;
eureval.eu;
eureval.eu;
eureval.eu;
eureval.eu;
eureval.eu;
eureval.eu;
eureval.eu;
eureval.eu;
eureval.eu;
eureval.eu;
eureval.eu;
eureval.eu;
eureval.eu;
eureval.eu;
eureval.eu;
eureval.eu;
eureval.eu;
eureval.eu;
eureval.eu;
eureval.eu;
eureval.eu;
eureval.eu;
eureval.eu;
eureval.eu;
eureval.eu;
eureval.eu;
eureval.eu;
eureval.eu;
eureval.eu;
eureval.eu;
eureval.eu;
eureval.eu;
eureval.eu;
eureval.eu;
eureval.eu;
eureval.eu;
eureval.eu;
eureval.eu;
eureval.eu;
eureval.eu;
eureval.eu;
eurorabat.pl;
eurorabat.pl;
evyap.com.pl;
eww.naszeforum.info;
eww.naszeforum.info;
eww.naszeforum.info;
eww.naszeforum.info;
eww.naszeforum.info;
eww.naszeforum.info;
eww.naszeforum.info;
eww.naszeforum.info;
eww.naszeforum.info;
eww.naszeforum.info;
eww.naszeforum.info;
eww.naszeforum.info;
eww.naszeforum.info;
eww.naszeforum.info;
eww.naszeforum.info;
eww.naszeforum.info;
eww.naszeforum.info;
eww.naszeforum.info;
eww.naszeforum.info;
eww.naszeforum.info;
eww.naszeforum.info;
eww.naszeforum.info;
eww.naszeforum.info;
eww.naszeforum.info;
eww.naszeforum.info;
eww.naszeforum.info;
eww.naszeforum.info;
eww.naszeforum.info;
eww.naszeforum.info;
eww.naszeforum.info;
eww.naszeforum.info;
eww.naszeforum.info;
eww.naszeforum.info;
eww.naszeforum.info;
eww.naszeforum.info;
eww.naszeforum.info;
eww.naszeforum.info;
eww.naszeforum.info;
eww.naszeforum.info;
eww.naszeforum.info;
eww.naszeforum.info;
eww.naszeforum.info;
eww.naszeforum.info;
eww.naszeforum.info;
eww.naszeforum.info;
eww.naszeforum.info;
eww.naszeforum.info;
eww.naszeforum.info;
eww.naszeforum.info;
eww.naszeforum.info;
eww.naszeforum.info;
eww.naszeforum.info;
eww.naszeforum.info;
eww.naszeforum.info;
eww.naszeforum.info;
eww.naszeforum.info;
eww.naszeforum.info;
eww.naszeforum.info;
eww.naszeforum.info;
eww.naszeforum.info;
eww.naszeforum.info;
eww.naszeforum.info;
eww.naszeforum.info;
eww.naszeforum.info;
eww.naszeforum.info;
eww.naszeforum.info;
eww.naszeforum.info;
eww.naszeforum.info;
eww.naszeforum.info;
eww.naszeforum.info;
eww.naszeforum.info;
eww.naszeforum.info;
eww.naszeforum.info;
eww.naszeforum.info;
eww.naszeforum.info;
eww.naszeforum.info;
eww.naszeforum.info;
eww.naszeforum.info;
eww.naszeforum.info;
exion.pl;
exion.pl;
exion.pl;
exion.pl;
expirion.pl;
expirion.pl;
extra-foto.com.pl;
extrememt2.pl;
extrememt2.pl;
extrememt2.pl;
f.kafeteria.pl;
f.kafeteria.pl;
f.kafeteria.pl;
f.kafeteria.pl;
fajnuitkiblog.com.pl;
fajnuitkiblog.com.pl;
fajnuitkiblog.com.pl;
fajnuitkiblog.com.pl;
fajnuitkiblog.com.pl;
fajnuitkiblog.com.pl;
fajnuitkiblog.com.pl;
fajnuitkiblog.com.pl;
fajnuitkiblog.com.pl;
fajnyblog2.co.pl;
fajnyblog2.co.pl;
fajnyblog2.co.pl;
fajnyblog2.co.pl;
fajnylink.org.pl;
fakt-mit.pl;
fakt-mit.pl;
fascynujacykatalog.pl;
fbn.net.pl;
fbn.net.pl;
fbn.net.pl;
fbn.net.pl;
fbn.net.pl;
fbn.net.pl;
fbn.net.pl;
fbn.net.pl;
fbn.net.pl;
fbn.net.pl;
fbn.net.pl;
fbn.net.pl;
fbn.net.pl;
fbn.net.pl;
fbn.net.pl;
fdt.biz.pl;
fdt.biz.pl;
fdt.biz.pl;
fdt.biz.pl;
fejmowyblog.pl;
fejmowyblog.pl;
fejmowyblog.pl;
fejmowyblog.pl;
fejmowyblog.pl;
fejmowyblog.pl;
fejmowyblog.pl;
fejmowyblog.pl;
fejmowyblog.pl;
fejmowyblog.pl;
fejmowyblog.pl;
fejmowyblog.pl;
fejmowyblog.pl;
fejmowyblog.pl;
fi.pinterest.com;
fi.pinterest.com;
fi.pinterest.com;
fi.pinterest.com;
fi.pinterest.com;
fin.blog-4me.pl;
fin.blog-neo.pl;
fin.blog-wojenny.pl;
fin.dodaj-nowosc.pl;
fin.historia-bloga.pl;
fin.mix-wartosci.pl;
fin.piszemy-madrze.pl;
finansowy.baza-biznesu.edu.pl;
finansowy.dlapozycjonerow.edu.pl;
finansowy.dodajfirme.net.pl;
finansowy.dokatalogu.org.pl;
finansowy.eleganckikat.info.pl;
finansowy.ertus.biz.pl;
finansowy.fascynujacykatalog.pl;
finansowy.firmawkatalogu.com.pl;
finansowy.freekat.edu.pl;
finansowy.harcerski.info.pl;
finansowy.kaskaderski.net.pl;
finansowy.katalogbiznesowy.edu.pl;
finansowy.katalogdla.info.pl;
finansowy.katalogdlabiznesu.pl;
finansowy.katalogibiznes.info.pl;
finansowy.katalogpodlupa.biz.pl;
finansowy.lista-firm.net.pl;
finansowy.mega-katalog.info.pl;
finansowy.miejscedlafirm.info.pl;
finansowy.mistrzowski.net.pl;
finansowy.nowootwarty.net.pl;
finansowy.nowy-biznes.net.pl;
finansowy.otwartykat.net.pl;
finansowy.pionerski.biz.pl;
finansowy.podokiem.org.pl;
finansowy.stronyzpr.net.pl;
finansowy.superkat.com.pl;
finansowy.swiatowykat.com.pl;
finansowy.szybkikatalog.biz.pl;
finansowy.twojafirmaa.com.pl;
finansowy.tworzymybaze.com.pl;
finansowy.uni-kat.info.pl;
finansowy.zbiorinformacji.org.pl;
finansowy.zbiorwiedzy.org.pl;
firma-nablogu.info.pl;
firmowe-forum.edu.pl;
firmowy.kat-regionalny.biz.pl;
firmowy.mojkatalog.org.pl;
firmowy.seo24.biz.pl;
firmy.biznesowe-fora.org.pl;
firmy.dyskusjaforum.net.pl;
firmy.dyskusjanatopie.net.pl;
firmy.dyskusjatop.biz.pl;
firmy.dyskutujemyo.biz.pl;
firmy.fora-zpasji.com.pl;
firmy.forum-dyskusja-o.biz.pl;
firmy.forum-dyskutujemy.biz.pl;
firmy.forumpolska.biz.pl;
firmy.forumpolska.net.pl;
firmy.forum-tematyczne.net.pl;
firmy.forum-tematyczne.org.pl;
firmy.forumtwoje.net.pl;
firmy.maszpytanie.biz.pl;
firmy.mojadyskusja.org.pl;
firmy.moje-forum.biz.pl;
firmy.moje-forum.biz.pl;
firmy.moje-forum.net.pl;
firmy.moje-forum.org.pl;
firmy.natopiefora.biz.pl;
firmy.natopiefora.net.pl;
firmy.nowadyskusja-pl.org.pl;
firmy.pfd-forum.org.pl;
firmy.polska-forum.org.pl;
firmy.polskie-fora.biz.pl;
firmy.polskie-fora.net.pl;
firmy.tematforum.biz.pl;
firmy.tematycznefora.biz.pl;
firmy.tematyczne-fora.biz.pl;
firmy.tematycznefora.net.pl;
firmy.top-forum.biz.pl;
firmy.top-forum.net.pl;
firmy.top-forum.org.pl;
firmy.twojadyskusja-pl.org.pl;
firmy-nablogu.info.pl;
firmy-nablogu.info.pl;
firmynaczasie.org.pl;
firmynaczasie.org.pl;
fit.pl;
fit.pl;
fit.pl;
fit.pl;
fit.pl;
fit.pl;
fit.pl;
fit.pl;
fit.pl;
fit.pl;
fit.pl;
fit.pl;
fit.pl;
fit.pl;
fit.pl;
fit.pl;
fit.pl;
fit.pl;
fit.pl;
fit.pl;
fit.pl;
fit.pl;
fit.pl;
fit.pl;
fit.pl;
fit.pl;
fit.pl;
fit.pl;
fit.pl;
fit.pl;
fit.pl;
fit.pl;
fit.pl;
fit.pl;
fit.pl;
fit.pl;
fizyka.blogowearty.biz.pl;
fizyka.blogzmocna.com.pl;
fizyka.czasdlabiznesu.com.pl;
fizyka.czytaj-wiecej.info.pl;
fizyka.firma-nablogu.info.pl;
fizyka.gigantynablogu.edu.pl;
fizyka.wiescizinternetu.biz.pl;
fletnia-pana.pl;
flickr.com;
flickr.com;
folowsite.com;
folowsite.com;
fora-zpasji.com.pl;
fordonskiegorki.net.pl;
forum.bizad.pl;
forum.bizad.pl;
forum.bizad.pl;
forum.bizad.pl;
forum.bizad.pl;
forum.csbi.pl;
forum.csbi.pl;
forum.csbi.pl;
forum.csbi.pl;
forum.csbi.pl;
forum.csbi.pl;
forum.csbi.pl;
forum.csbi.pl;
forum.csbi.pl;
forum.csbi.pl;
forum.csbi.pl;
forum.csbi.pl;
forum.csbi.pl;
forum.csbi.pl;
forum.csbi.pl;
forum.csbi.pl;
forum.csbi.pl;
forum.csbi.pl;
forum.edu.pl;
forum.edu.pl;
forum.edu.pl;
forum.edu.pl;
forum.edu.pl;
forum.edu.pl;
forum.edu.pl;
forum.edu.pl;
forum.edu.pl;
forum.edu.pl;
forum.edu.pl;
forum.edu.pl;
forum.edu.pl;
forum.edu.pl;
forum.edu.pl;
forum.estradowiec.pl;
forum.estradowiec.pl;
forum.estradowiec.pl;
forum.estradowiec.pl;
forum.estradowiec.pl;
forum.headcrab.pl;
forum.headcrab.pl;
forum.headcrab.pl;
forum.headcrab.pl;
forum.infor.pl;
forum.infor.pl;
forum.infor.pl;
forum.infor.pl;
forum.infor.pl;
forum.infor.pl;
forum.infor.pl;
forum.infor.pl;
forum.infor.pl;
forum.infor.pl;
forum.infor.pl;
forum.infor.pl;
forum.infor.pl;
forum.infor.pl;
forum.infor.pl;
forum.infor.pl;
forum.infor.pl;
forum.infor.pl;
forum.infor.pl;
forum.infor.pl;
forum.infor.pl;
forum.infor.pl;
forum.infor.pl;
forum.infor.pl;
forum.infor.pl;
forum.infor.pl;
forum.infor.pl;
forum.jezpigmejski.org;
forum.juvepoland.com;
forum.lefthand.com.pl;
forum.lefthand.com.pl;
forum.lefthand.com.pl;
forum.lefthand.com.pl;
forum.lefthand.com.pl;
forum.lefthand.com.pl;
forum.lefthand.com.pl;
forum.lefthand.com.pl;
forum.lefthand.com.pl;
forum.lefthand.com.pl;
forum.lefthand.com.pl;
forum.lefthand.com.pl;
forum.lefthand.com.pl;
forum.lefthand.com.pl;
forum.liceum36.pl;
forum.liceum36.pl;
forum.liceum36.pl;
forum.liceum36.pl;
forum.mario.xgame.pl;
forum.mario.xgame.pl;
forum.mario.xgame.pl;
forum.mario.xgame.pl;
forum.mario.xgame.pl;
forum.mario.xgame.pl;
forum.mario.xgame.pl;
forum.mario.xgame.pl;
forum.mario.xgame.pl;
forum.moso.info;
forum.moso.info;
forum.moso.info;
forum.moso.info;
forum.moso.info;
forum.moso.info;
forum.moso.info;
forum.moso.info;
forum.moso.info;
forum.moso.info;
forum.ogolne.pl;
forum.ogolne.pl;
forum.ogolne.pl;
forum.ogolne.pl;
forum.ogolne.pl;
forum.ogolne.pl;
forum.ogolne.pl;
forum.ogolne.pl;
forum.ogolne.pl;
forum.ogolne.pl;
forum.ogolne.pl;
forum.ogolne.pl;
forum.ogolne.pl;
forum.pcformat.pl;
forum.pcformat.pl;
forum.poradnikzdrowie.pl;
forum.poradnikzdrowie.pl;
forum.poradnikzdrowie.pl;
forum.poradnikzdrowie.pl;
forum.poradnikzdrowie.pl;
forum.poradnikzdrowie.pl;
forum.poradnikzdrowie.pl;
forum.poradnikzdrowie.pl;
forum.realmadryt.pl;
forum.wedkarska-tuba.pl;
forum.wedkarska-tuba.pl;
forum.we-dwoje.polki.pl;
forum.we-dwoje.polki.pl;
forum.we-dwoje.polki.pl;
forum.we-dwoje.polki.pl;
forumdlaklientow.com.pl;
forum-dyskutujemy.biz.pl;
forumnamaksa.info.pl;
forumpolska.net.pl;
forumpolska.net.pl;
forum-polski.edu.pl;
forum-polski.edu.pl;
forum-sportu.pl;
forum-sportu.pl;
forum-sportu.pl;
forum-sportu.pl;
forum-sportu.pl;
forum-sportu.pl;
forum-sportu.pl;
forum-sportu.pl;
forum-sportu.pl;
forum-sportu.pl;
forum-tematyczne.net.pl;
forum-tematyczne.net.pl;
forum-tematyczne.org.pl;
forumtwoje.net.pl;
forumtwoje.net.pl;
forum-vdj.pl;
forumzhistoria.com.pl;
forumzwiedza.biz.pl;
forumzwiedza.biz.pl;
fr.pinterest.com;
fr.pinterest.com;
fr.pinterest.com;
fr.pinterest.com;
fr.pinterest.com;
fr.pinterest.com;
fr.pinterest.com;
fr.pinterest.com;
freekat.edu.pl;
free-seo.pl;
free-seo.pl;
fuhrmann.estradowiec.pl;
fulcgps.kuptanio.pl;
full-art.pl;
full-art.pl;
full-tresci.pl;
full-tresci.pl;
fuma.net.pl;
fuma.net.pl;
fuma.net.pl;
fuma.net.pl;
fuma.net.pl;
fuma.net.pl;
fuma.net.pl;
fuma.net.pl;
fuma.net.pl;
funnydemotivator.wordpress.com;
funnydemotivator.wordpress.com;
funnydemotivator.wordpress.com;
funnydemotivator.wordpress.com;
funnydemotivator.wordpress.com;
futuratravel.com.pl;
futuratravel.com.pl;
futuratravel.com.pl;
futuratravel.com.pl;
futuratravel.com.pl;
fx7.pl;
fx7.pl;
fx7.pl;
fx7.pl;
garsc-wiedzy.pl;
gazeta.artyyyy.org.pl;
gazeta.blogzpasja.info.pl;
gazeta.czasdlabiznesu.com.pl;
gazeta.czytajoo.com.pl;
gazeta.dodajarty.org.pl;
gazeta.gigantynablogu.edu.pl;
gazeta.mamybiznesy.com.pl;
gazeta.mamyfirmy.info.pl;
gazeta.wiescizinternetu.biz.pl;
gb.czerwony.babia-gora.pl;
gb.duzy-blog.pl;
gb.garsc-wiedzy.pl;
gb.masz-bloga.pl;
gb.naturalne-blogi.pl;
gb.nowawartosc.pl;
gb.nowa-wartosc.pl;
gb.tematycznystyl.pl;
gdansk.dodawaj-blogi.pl;
gdansk.e-artykulyy.pl;
gdansk.ekstra-blog.pl;
gdansk.garsc-wiedzy.pl;
gdansk.moda-nablogu.pl;
gdansk.naturalne-blogi.pl;
gdansk.new-newsy.pl;
gdziekupilas.pl;
gdziekupilas.pl;
gdziekupilas.pl;
gdziekupilas.pl;
gdziekupilas.pl;
gdziekupilas.pl;
gdziekupilas.pl;
gdziekupilas.pl;
gdziekupilas.pl;
gdziekupilas.pl;
gdziesieudac.net.pl;
gdziesieudac.net.pl;
gekosale.pl;
generalblog.co.pl;
generalblog.co.pl;
generalblog.co.pl;
generalblog.co.pl;
generalblog.co.pl;
geografia.artyofirmach.com.pl;
geografia.artyyyy.org.pl;
geografia.klasowyblog.info.pl;
geografia.mamy-moc.biz.pl;
geografia.piszwiecej.org.pl;
geografia.wiescizneta.com.pl;
getmp3.pl;
getmp3.pl;
getmp3.pl;
g-forum.com.pl;
ghj.katalog-24.augustow.pl;
gierki.dodawaj-blogi.pl;
gierki.full-arty.pl;
gigantynablogu.edu.pl;
gigantynablogu.edu.pl;
github.com;
github.com;
gliderip.com;
gliderip.net;
gliderip.net;
globalsoilweek.com;
globalsoilweek.com;
globalsoilweek.com;
globalsoilweek.com;
globalsoilweek.com;
globalsoilweek.com;
globalsoilweek.com;
gloriaportal.com.pl;
gloriaportal.com.pl;
gloriaportal.com.pl;
gloriaportal.com.pl;
gloriaportal.com.pl;
gloriaportal.com.pl;
gloriaportal.com.pl;
gloriaportal.com.pl;
gloriaportal.com.pl;
gok.susiec.pl;
gok.susiec.pl;
gok.susiec.pl;
gok.susiec.pl;
golden.s-ll.katalog-24.augustow.pl;
goo.gl;
goo.gl;
goodlink.com.pl;
gr.pinterest.com;
gr.pinterest.com;
gr.pinterest.com;
gr.pinterest.com;
gr.pinterest.com;
gr.pinterest.com;
gr.pinterest.com;
gr.pinterest.com;
gr.pinterest.com;
gr.pinterest.com;
grafika.biznesnablogu.edu.pl;
grafika.blog-neo.pl;
grafika.blog-wojenny.pl;
grafika.blogzpasja.info.pl;
grafika.czasowy-blog.pl;
grafika.dodaj-nowosc.pl;
grafika.firma-nablogu.info.pl;
grafika.gigantynablogu.edu.pl;
grafika.mix-wartosci.pl;
grafika.piszemy-madrze.pl;
grafika.tematycznystyl.pl;
grafika.wiescinaczasie.com.pl;
green.main.listastron.bialystok.pl;
grenoble-innovation.eu;
grenoble-innovation.eu;
grenoble-innovation.eu;
grenoble-innovation.eu;
grenoble-innovation.eu;
grey.s-ll.katalog-24.augustow.pl;
grupainfomax.info.pl;
grupaweselsi.pl;
grupaweselsi.pl;
grupaweselsi.pl;
grupaweselsi.pl;
grupaweselsi.pl;
grupaweselsi.pl;
gry.badz-czasowy.pl;
gry.blog-forme.pl;
gry.blog-neo.pl;
gry.blogowe-opinie.pl;
gry.dodaj-nowosc.pl;
gry.e-blogowac.pl;
gry.ekstra-blog.pl;
gry.full-art.pl;
gry.opinie-oseo.pl;
gry.poradadla-was.pl;
grybiznesowe.org.pl;
grybiznesowe.org.pl;
gyanovsk_lookbook.nu.edgesuite-staging.net;
gyanovsk_lookbook.nu.edgesuite-staging.net;
gyanovsk_lookbook.nu.edgesuite-staging.net;
handdresse.com;
handdresse.com;
harry.kat.seolista.bialowieza.pl;
haslo.pod.czerwony.babia-gora.pl;
hcmb.eu;
hcmb.eu;
hcmb.eu;
hcmb.eu;
hcmb.eu;
hcmb.eu;
hcmb.eu;
hcmb.eu;
hcmb.eu;
hcmb.eu;
hd.strona.karpacz.pl;
headcrab.pl;
headcrab.pl;
headcrab.pl;
headcrab.pl;
healtblog.pl;
heras.com.pl;
heras.com.pl;
hoteljagiellonski.com.pl;
hoteljagiellonski.com.pl;
hotels-in-poland.org.pl;
hotels-in-poland.org.pl;
hr.blog-forme.pl;
hr.e-blogowac.pl;
hr.seo-moda.pl;
http.kuptanio.pl;
http.kuptanio.pl;
hu.pinterest.com;
i-artyy.pl;
i-artyy.pl;
ict.web.gov.pl;
ict.web.gov.pl;
ict.web.gov.pl;
ict.web.gov.pl;
ict.web.gov.pl;
ict.web.gov.pl;
ict.web.gov.pl;
ict.web.gov.pl;
ict.web.gov.pl;
ict.web.gov.pl;
ict.web.gov.pl;
ict.web.gov.pl;
ict.web.gov.pl;
ict.web.gov.pl;
ict.web.gov.pl;
ict.web.gov.pl;
ict.web.gov.pl;
ict.web.gov.pl;
ict.web.gov.pl;
ict.web.gov.pl;
ict.web.gov.pl;
ict.web.gov.pl;
ict.web.gov.pl;
ict.web.gov.pl;
ict.web.gov.pl;
ict.web.gov.pl;
ict.web.gov.pl;
ict.web.gov.pl;
ict.web.gov.pl;
ict.web.gov.pl;
ict.web.gov.pl;
ict.web.gov.pl;
ict.web.gov.pl;
ict.web.gov.pl;
ict.web.gov.pl;
ict.web.gov.pl;
ict.web.gov.pl;
ict.web.gov.pl;
ict.web.gov.pl;
ict.web.gov.pl;
ict.web.gov.pl;
ict.web.gov.pl;
ict.web.gov.pl;
ict.web.gov.pl;
ict.web.gov.pl;
ict.web.gov.pl;
ict.web.gov.pl;
ict.web.gov.pl;
ict.web.gov.pl;
ict.web.gov.pl;
ict.web.gov.pl;
ict.web.gov.pl;
ict.web.gov.pl;
ict.web.gov.pl;
ict.web.gov.pl;
ict.web.gov.pl;
ict.web.gov.pl;
ict.web.gov.pl;
ict.web.gov.pl;
ict.web.gov.pl;
ict.web.gov.pl;
ict.web.gov.pl;
id.pinterest.com;
id.pinterest.com;
id.pinterest.com;
idealny.seokatalog.beskidy.pl;
imagetheory.eu;
imagetheory.eu;
imagetheory.eu;
imagetheory.eu;
imagetheory.eu;
imagetheory.eu;
imagetheory.eu;
implant.info.pl;
in.pinterest.com;
in.pinterest.com;
in.pinterest.com;
in.pinterest.com;
in.pinterest.com;
in.pinterest.com;
in.pinterest.com;
in.pinterest.com;
in.pinterest.com;
in.pinterest.com;
in.pinterest.com;
in.pinterest.com;
in.pinterest.com;
in.pinterest.com;
in.pinterest.com;
in.pinterest.com;
in.pinterest.com;
in.pinterest.com;
in.pinterest.com;
in.pinterest.com;
in.pinterest.com;
in.pinterest.com;
in.pinterest.com;
in.pinterest.com;
in.pinterest.com;
in.pinterest.com;
in.pinterest.com;
in.pinterest.com;
in.pinterest.com;
in.pinterest.com;
in.pinterest.com;
in.pinterest.com;
in.pinterest.com;
in.pinterest.com;
in.pinterest.com;
indyjska.lista.seo.ilawa.pl;
infociekawe.co.pl;
infociekawe.co.pl;
infociekawe.co.pl;
infociekawe.co.pl;
infociekawe.co.pl;
infociekawe.co.pl;
infoofirmach.edu.pl;
infooo.co.pl;
infooo.co.pl;
infooo.co.pl;
infooo.co.pl;
infooo.co.pl;
instytut.mil.pl;
instytut.mil.pl;
instytut.mil.pl;
instytut.mil.pl;
instytut.mil.pl;
integridadedeativos.com;
integridadedeativos.com;
integridadedeativos.com;
integridadedeativos.com;
internetowy.baza-biznesu.edu.pl;
internetowy.branzowykatalog.edu.pl;
internetowy.dlapozycjonerow.edu.pl;
internetowy.dodajfirme.net.pl;
internetowy.eleganckikat.info.pl;
internetowy.ertus.biz.pl;
internetowy.finalny.edu.pl;
internetowy.firmawkatalogu.com.pl;
internetowy.freekat.edu.pl;
internetowy.gwiazderski.info.pl;
internetowy.harcerski.info.pl;
internetowy.kaskaderski.net.pl;
internetowy.katalogbiznesowy.edu.pl;
internetowy.katalogdla.info.pl;
internetowy.katalogdlabiznesu.pl;
internetowy.katalogibiznes.info.pl;
internetowy.katalognatopie.org.pl;
internetowy.katalogpodlupa.biz.pl;
internetowy.maszfirme.biz.pl;
internetowy.mega-katalog.info.pl;
internetowy.miejscedlafirm.info.pl;
internetowy.mistrzowski.net.pl;
internetowy.nowabaza.info.pl;
internetowy.nowootwarty.net.pl;
internetowy.nowy-biznes.net.pl;
internetowy.nowykatalog.net.pl;
internetowy.podokiem.org.pl;
internetowy.stronyzpr.net.pl;
internetowy.superkat.com.pl;
internetowy.swiatowykat.com.pl;
internetowy.szybkikatalog.biz.pl;
internetowy.twojafirmaa.com.pl;
internetowy.tworzymybaze.com.pl;
internetowy.uni-kat.info.pl;
internetowy.w-katalogu.biz.pl;
internetowy.zbiorinformacji.org.pl;
internetowy.zbiorwiedzy.org.pl;
inwestrut.pl;
inwestrut.pl;
ipad.strona.karpacz.pl;
iproducent.eu;
iproducent.eu;
iproducent.eu;
isel.pl;
isel.pl;
isel.pl;
isel.pl;
isel.pl;
isel.pl;
jakis.katalog.czerwony.babia-gora.pl;
jangielski.blogity.org.pl;
jangielski.maszfirmee.net.pl;
jangielski.maszfirmee.net.pl;
jarnoltowek.pl;
jarnoltowek.pl;
jarnoltowek.pl;
jarnoltowek.pl;
jarnoltowek.pl;
jarnoltowek.pl;
java.seo.ilawa.pl;
javascript.seo.ilawa.pl;
jezioramazurskieinfo.pl;
jezykpolski.artywnecie.info.pl;
jezykpolski.blog2015.org.pl;
jezykpolski.firmy-nablogu.info.pl;
jjaponski.artyofirmach.com.pl;
jjaponski.artywnecie.info.pl;
jjaponski.czytajoo.com.pl;
jjaponski.wiescizinternetu.biz.pl;
jniemiecki.firma-nablogu.info.pl;
jniemiecki.firmy-nablogu.info.pl;
jniemiecki.gigantynablogu.edu.pl;
jniemiecki.mamybiznesy.com.pl;
jniemiecki.mamyfirmy.info.pl;
jniemiecki.wiescizneta.com.pl;
jp.pinterest.com;
jp.pinterest.com;
jp.pinterest.com;
jp.pinterest.com;
jportugalski.artyyyy.org.pl;
jportugalski.blogowearty.biz.pl;
jportugalski.blogzwiedza.org.pl;
jportugalski.czasdlabiznesu.com.pl;
jportugalski.czytaj-wiecej.info.pl;
jportugalski.firmynaczasie.org.pl;
jportugalski.mamy-moc.biz.pl;
jurainfo.pl;
justynajarek.pl;
justynajarek.pl;
justynajarek.pl;
justynajarek.pl;
justynajarek.pl;
justynajarek.pl;
juvepoland.com;
juvepoland.com;
juvepoland.com;
juvepoland.com;
juvepoland.com;
jwloski.biznesnablogu.edu.pl;
jwloski.blog2015.org.pl;
jwloski.blogzmocna.com.pl;
jwloski.blogzpasja.info.pl;
jwloski.klasowyblog.info.pl;
jwloski.piszwiecej.org.pl;
jwloski.znany-blog.com.pl;
kalkuluj.pl;
kalkuluj.pl;
kalkuluj.pl;
kalkuluj.pl;
kalkuluj.pl;
kalkuluj.pl;
kalkuluj.pl;
kalkuluj.pl;
kalkuluj.pl;
kalkuluj.pl;
kalkuluj.pl;
kalkuluj.pl;
kapsulkaendoskopowa.com.pl;
katalog.dejm.pl;
katalog.hotlink.pl;
katalog.hotlink.pl;
katalog.ilu.pl;
katalog.ilu.pl;
katalog.net.pl;
katalog.net.pl;
katalog.promocje.biz;
katalog.stroneu;
katalog.wp.pl;
katalog.wp.pl;
katalog.wp.pl;
katalog.wp.pl;
katalog.wp.pl;
katalog.wp.pl;
katalog.wp.pl;
katalog.wp.pl;
katalog.wp.pl;
katalog.wp.pl;
katalog.wp.pl;
katalog.wp.pl;
katalog.wp.pl;
katalog.wp.pl;
katalog-24.augustow.pl;
katalog-bombowy.pl;
katalog-computerbest.pl;
katalogdesigner.pl;
katalogdlabiznesu.org.pl;
katalog-dobry.pl;
katalog-elitarny.pl;
katalogglory.pl;
katalog-golden.pl;
katalogi-linki.net.pl;
katalog-internet.org.pl;
katalogjeep.pl;
katalogjeep.pl;
katalogmarkowy.pl;
katalog-master.pl;
katalogmaxi.pl;
katalogmaxi.pl;
katalog-mega.pl;
katalogmodel.pl;
katalogmodel.pl;
katalog-modern.pl;
katalog-ninja.pl;
katalogpolska.net.pl;
katalog-power.pl;
katalogpremium.tech.strona.karpacz.pl;
katalog-prestige.pl;
katalogpussy.pl;
katalogseo24.net;
katalogseo24.pl;
katalogstron.com;
katalogstron.com;
katalogstron.com;
katalogstron.com;
katalogstron.com;
katalogstron.com;
katalogstron.com;
katalogstron.com;
katalogstron.com;
katalogstron.com;
katalogstron.com;
katalogstron.com;
katalogstron.com;
katalogstron.com;
katalogstron.com;
katalogstron.com;
katalogstron.com;
katalogstron.com;
katalogstron.com;
katalogstron.com;
katalogstron.com;
katalogstron.com;
katalogstron.com;
katalogstron.seokatalog.beskidy.pl;
katalog-stron.seokatalog.beskidy.pl;
katalogtop.com.pl;
katalogtop.com.pl;
katalogus.net.pl;
katalogwitalny.pl;
katalogwitalny.pl;
katalog-wykop.pl;
k-forum.biz.pl;
kierowca.blog-wojenny.pl;
kierowca.czas-pisania.pl;
kierowca.dodaj-nowosc.pl;
kierowca.dodawaj-blogi.pl;
kierowca.e-blogowac.pl;
kierowca.ekstra-blog.pl;
kierowca.full-arty.pl;
kierowca.gigant-blog.pl;
kierowca.new-oblicze.pl;
kierowca.nowa-wartosc.pl;
kierowca.tematycznystyl.pl;
kinderbueno.biz.pl;
kinderbueno.biz.pl;
kinderbueno.biz.pl;
kinderbueno.biz.pl;
kinderbueno.biz.pl;
kineczka.blogspot.com;
kineczka.blogspot.com;
kineczka.blogspot.com;
kineczka.blogspot.com;
kineczka.blogspot.com;
kineczka.blogspot.com;
kineczka.blogspot.com;
kineczka.blogspot.com;
k-line.pl;
k-line.pl;
klubfever.pl;
klubfever.pl;
klubfever.pl;
klubliteracki.podhale.pl;
klutnia.blog2015.org.pl;
klutnia.firmy-nablogu.info.pl;
klutnia.firmynaczasie.org.pl;
klutnia.gigantynablogu.edu.pl;
klutnia.noweczytanie.info.pl;
klutnia.wiescizneta.com.pl;
kobiecy.regionalne-katalogi.org.pl;
kobitki.phorum.pl;
kobitki.phorum.pl;
kobitki.phorum.pl;
kobitki.phorum.pl;
kobitki.phorum.pl;
kobitki.phorum.pl;
kobitki.phorum.pl;
kobitki.phorum.pl;
kobitki.phorum.pl;
kobitki.phorum.pl;
kobitki.phorum.pl;
kobitki.phorum.pl;
kobitki.phorum.pl;
kobitki.phorum.pl;
kobitki.phorum.pl;
kobitki.phorum.pl;
kobitki.phorum.pl;
kobitki.phorum.pl;
kobitki.phorum.pl;
kobitki.phorum.pl;
kobitki.phorum.pl;
kod.blog-trans.pl;
kod.czas-pisania.pl;
kod.full-art.pl;
kod.garsc-wiedzy.pl;
kod.gigant-blog.pl;
kodowanie.blogowearty.biz.pl;
kodowanie.dodajarty.org.pl;
kodowanie.mamyfirmy.info.pl;
kodowanie.wiescizneta.com.pl;
kodyrabatowe.interia.pl;
kodyrabatowe.interia.pl;
kodyrabatowe.interia.pl;
kolobrzeg.badz-czasowy.pl;
kolobrzeg.blog-forme.pl;
kolobrzeg.czas-pisania.pl;
kolobrzeg.full-art.pl;
kolobrzeg.i-artyy.pl;
kolobrzeg.masz-bloga.pl;
kolobrzeg.new-oblicze.pl;
kolobrzeg.piszemy-madrze.pl;
komerso.pl;
komerso.pl;
kontakt.top10.evai.pl;
kontrapunkt.edu.pl;
kora-ryby.pl;
kora-ryby.pl;
kora-ryby.pl;
kora-ryby.pl;
korking.pl;
korking.pl;
korking.pl;
korking.pl;
korking.pl;
kougai-boushi.good.cx;
kougai-boushi.good.cx;
krakowski.ale-katalog.org.pl;
krakowski.katalog-biznes2017.biz.pl;
krakowski.polskiekatalogistron.org.pl;
krakowski.regioinfo.biz.pl;
krakowski.regionalne-katalogi.org.pl;
ktorafirma.net.pl;
kuchnieportal.pl;
kuchnieportal.pl;
kuchnieportal.pl;
kulturalny.baza-biznesu.edu.pl;
kulturalny.branzowykatalog.edu.pl;
kulturalny.dlapozycjonerow.edu.pl;
kulturalny.katalogdla.info.pl;
kulturalny.katalogelitarny.pl;
kulturalny.nowykatalog.net.pl;
kuptanio.pl;
kuptanio.pl;
kuptanio.pl;
kwiecien.listastron.bialystok.pl;
lacrosse.com.pl;
lacrosse.com.pl;
lakatalog.strona.karpacz.pl;
lakotle.strona.karpacz.pl;
lamai.pl.stronarnia.pl;
lamai.pl.stronarnia.pl;
lamaipl.tumblr.com;
lamaipl.tumblr.com;
lamaipl.tumblr.com;
lamaipl.tumblr.com;
lamaipl.tumblr.com;
lamaipl.tumblr.com;
lamaipl.tumblr.com;
lamaipl.tumblr.com;
lamaipl.tumblr.com;
lamaipl.tumblr.com;
lamaipl.tumblr.com;
lamaipl.tumblr.com;
lamaipl.tumblr.com;
lamaipl.tumblr.com;
lamaipl.tumblr.com;
lamaipl.tumblr.com;
lamaipl.tumblr.com;
lamaipl.tumblr.com;
lamaipl.tumblr.com;
lasorpresa.pl;
lazienkiportal.pl;
lazienkiportal.pl;
lefthand.pl;
lefthand.pl;
lefthand.pl;
lefthand.pl;
lefthand.pl;
lefthand.pl;
lefthand.pl;
lefthand.pl;
lefthand.pl;
lefthand.pl;
lefthand.pl;
lefthand.pl;
lefthand.pl;
lefthand.pl;
lefthand.pl;
lefthand.pl;
lefthand.pl;
lefthand.pl;
lefthand.pl;
lengfor.pl;
lengfor.pl;
lengfor.pl;
li.listastron.bialystok.pl;
lider2012.pl;
lider2012.pl;
light.lm.pl;
like.seokatalog.beskidy.pl;
liliputek.m.kuptanio.pl;
limuzyna.artywnecie.info.pl;
limuzyna.blog2015.org.pl;
limuzyna.wiescizneta.com.pl;
limuzyna.znany-blog.com.pl;
link.katalog-24.augustow.pl;
linki-seo24.net;
links-best.blogspot.com;
links-best.blogspot.com;
linux-hosting.pl;
linux-hosting.pl;
linux-hosting.pl;
linux-hosting.pl;
linux-hosting.pl;
linux-hosting.pl;
lisaferrera.com.pl;
lisaferrera.com.pl;
lisaferrera.com.pl;
lista.katalog-24.augustow.pl;
lista.katalog-24.augustow.pl;
lm.pl;
lm.pl;
lm.pl;
lm.pl;
lm.pl;
lm.pl;
lm.pl;
lm.pl;
lokalna.biznesnablogu.edu.pl;
lokalna.blogowearty.biz.pl;
lokalna.blogzmocna.com.pl;
lokalna.czytaj-wiecej.info.pl;
lokalna.firmy-nablogu.info.pl;
lokalna.maszfirmee.net.pl;
lookbook.nu;
lookbook.nu;
lookbook.nu;
lookbook.nu;
lookbook.nu;
lookbook.nu;
lookbook.nu;
lookbook.nu;
lookbook.nu;
lookbook.nu;
lookbook.nu;
lookbook.nu;
lookbook.nu;
lookbook.nu;
lookbook.nu;
lookbook.nu;
lookbook.nu;
lookbook.nu;
lookbook.nu;
lookbook.nu;
lookbook.nu;
lookbook.nu;
lookbook.nu;
lookbook.nu;
lookbook.nu;
lookbook.nu;
lookbook.nu;
lookbook.nu;
lookbook.nu;
lookbook.nu;
lookbook.nu;
lookbook.nu;
lookbook.nu;
lookbook.nu;
lookbook.nu;
lookbook.nu;
lookbook.nu;
lookbook.nu;
lookbook.nu;
lookbook.nu;
lookbook.nu;
lookbook.nu;
lookbook.nu;
lookbook.nu;
lookbook.nu;
lookbook.nu;
lookbook.nu;
lookbook.nu;
lookbook.nu;
lookbook.nu;
lookbook.nu;
lookbook.nu;
lookbook.nu;
lookbook.nu;
lookbook.nu;
lookbook.nu;
lot.sklep.pl;
lot.sklep.pl;
lot.sklep.pl;
lot.sklep.pl;
lot.sklep.pl;
loty.blog-trans.pl;
loty.piszemy-madrze.pl;
loty.tematycznystyl.pl;
loveit.pl;
loveit.pl;
lovepoland.com.pl;
lovepoland.com.pl;
lovepoland.com.pl;
lovepoland.com.pl;
lovepoland.com.pl;
lovepoland.com.pl;
lovepoland.com.pl;
lovepoland.com.pl;
lovepoland.com.pl;
lovepoland.com.pl;
lovepoland.com.pl;
lovepoland.com.pl;
ltb.info.pl;
lubila.lista.katalog-24.augustow.pl;
lubila.lista.katalog-24.augustow.pl;
lubsad.info.pl;
lubsad.net.pl;
lubsad.net.pl;
lucas24.pl;
lucas24.pl;
macademiangirl.com;
macademiangirl.com;
macademiangirl.com;
macademiangirl.com;
macademiangirl.com;
macademiangirl.com;
macademiangirl.com;
macademiangirl.com;
macademiangirl.com;
macademiangirl.com;
macademiangirl.com;
macademiangirl.com;
macademiangirl.com;
macademiangirl.com;
macademiangirl.com;
macademiangirl.com;
macademiangirl.com;
macademiangirl.com;
madziof.pl;
madziof.pl;
madziof.pl;
madziof.pl;
madziof.pl;
madziof.pl;
madziof.pl;
madziof.pl;
madziof.pl;
madziof.pl;
madziof.pl;
madziof.pl;
madziof.pl;
madziof.pl;
madziof.pl;
madziof.pl;
madziof.pl;
madziof.pl;
madziof.pl;
madziof.pl;
magazyndomowy.pl;
magnusholding.pl;
magnusholding.pl;
magnusholding.pl;
maleseo.live.katalog24.augustow.pl;
malopolskie.blogzwiedza.org.pl;
malopolskie.dodajarty.org.pl;
malopolskie.firmynaczasie.org.pl;
malopolskie.gigantynablogu.edu.pl;
malopolskie.mamyfirmy.info.pl;
malopolskie.maszfirmee.net.pl;
malopolskie.swiezyblog.biz.pl;
malopolskie.wiescizinternetu.biz.pl;
mamyarty.com.pl;
mamyarty.com.pl;
mamyfirmy.info.pl;
mamyfirmy.info.pl;
mamywiesci.com.pl;
mapy.blog-4me.pl;
mapy.blog-trans.pl;
mapy.czas-pisania.pl;
mapy.dodaj-nowosc.pl;
mapy.full-tresci.pl;
mapy.opinieoseo.pl;
mapy.opinie-oseo.pl;
mapy.seo-moda.pl;
markanatopie.net.pl;
masterof.co.pl;
masterof.co.pl;
maszfirmee.net.pl;
maszpytanie.biz.pl;
matlab.pl;
matlab.pl;
matlab.pl;
matlab.pl;
matlab.pl;
matlab.pl;
matma.firmynaczasie.org.pl;
matma.mamyfirmy.info.pl;
matury-online.pl;
matury-online.pl;
matury-online.pl;
matury-online.pl;
matury-online.pl;
mechanik.blog-4me.pl;
mechanik.blog-forme.pl;
mechanik.blog-jarski.pl;
mechanik.blogowe-opinie.pl;
mechanik.fakt-mit.pl;
mechanik.i-artyy.pl;
mechanik.masz-bloga.pl;
mechanik.mix-wartosci.pl;
mechanik.seo-moda.pl;
mechanik.stabilna-wersja.pl;
medienhd.eu;
medienhd.eu;
medienhd.eu;
medienhd.eu;
medienhd.eu;
medienhd.eu;
medienhd.eu;
medienhd.eu;
medienhd.eu;
medienhd.eu;
medienhd.eu;
medienhd.eu;
medienhd.eu;
medienhd.eu;
medienhd.eu;
medienhd.eu;
medienhd.eu;
medienhd.eu;
medienhd.eu;
medienhd.eu;
medienhd.eu;
medienhd.eu;
medienhd.eu;
medienhd.eu;
medienhd.eu;
medienhd.eu;
medienhd.eu;
medienhd.eu;
medienhd.eu;
medienhd.eu;
medienhd.eu;
medienhd.eu;
medienhd.eu;
medienhd.eu;
medienhd.eu;
medienhd.eu;
medienhd.eu;
medienhd.eu;
medienhd.eu;
medienhd.eu;
medienhd.eu;
medienhd.eu;
medienhd.eu;
medienhd.eu;
medienhd.eu;
medyczny-poradnik.pl;
medycznywykop.co.pl;
mega-katalog.info.pl;
men.kat.seolista.bialowieza.pl;
mercury-diesel.pl;
merocr.eu;
merocr.eu;
merocr.eu;
merocr.eu;
merocr.eu;
merocr.eu;
merocr.eu;
merocr.eu;
merocr.eu;
merocr.eu;
merocr.eu;
merocr.eu;
merocr.eu;
merocr.eu;
merocr.eu;
merocr.eu;
merocr.eu;
merocr.eu;
merocr.eu;
merocr.eu;
merocr.eu;
merocr.eu;
merocr.eu;
merocr.eu;
merocr.eu;
merocr.eu;
merocr.eu;
merocr.eu;
merocr.eu;
merocr.eu;
miastowsieci.pl;
miastowsieci.pl;
miastowsieci.pl;
miastowsieci.pl;
miastowsieci.pl;
miastowsieci.pl;
minibusy.blog-4me.pl;
minibusy.duzy-blog.pl;
minibusy.e-artykulyy.pl;
minibusy.naturalne-blogi.pl;
minibusy.poradadla-was.pl;
minibusy.stabilna-wersja.pl;
mit.waw.pl;
mit.waw.pl;
mit.waw.pl;
mix-wartosci.pl;
mix-wartosci.pl;
mixwiesci.biz.pl;
mobileenglish.edu.pl;
mobileenglish.edu.pl;
mobileenglish.edu.pl;
mocna.wlasciwareklama.pl;
mocny.biznes2017.biz.pl;
mocny.edukacyjnykatalog.edu.pl;
mocny.pks-pl.com.pl;
mocny.promuj-katalog.net.pl;
mocny.seo24.biz.pl;
mocnyfull.com.pl;
mococen.info.pl;
modernestudio.pl;
modernestudio.pl;
modernestudio.pl;
modernestudio.pl;
modernestudio.pl;
modernestudio.pl;
modernestudio.pl;
modernestudio.pl;
modernestudio.pl;
modernestudio.pl;
mojarozmowa.biz.pl;
mojbiznes.biz.pl;
mojdoktor.co.pl;
mojdoktor.co.pl;
moje-forum.biz.pl;
moje-forum.com.pl;
moje-forum.net.pl;
moje-forum.net.pl;
moje-forum.org.pl;
moje-forum.org.pl;
mojekupony.pl;
mojekupony.pl;
mojekupony.pl;
mojekupony.pl;
mojepluszaki.pl;
mojepluszaki.pl;
mojepluszaki.pl;
mojkatalog.org.pl;
monitordomen.pl;
montblanc.com.pl;
montblanc.com.pl;
montblanc.com.pl;
moresiteslike.org;
moresiteslike.org;
moresiteslike.org;
moresiteslike.org;
moresiteslike.org;
moresiteslike.org;
morski.blog-jarski.pl;
morski.blog-wojenny.pl;
morski.ekstra-blog.pl;
morski.full-art.pl;
morski.full-arty.pl;
morski.full-tresci.pl;
morski.mix-wartosci.pl;
morski.new-oblicze.pl;
moso.info;
moso.info;
moso.info;
moso.info;
moso.info;
moso.info;
moso.info;
moso.info;
moso.info;
motoalbum.pl;
mplusw.pl;
mplusw.pl;
mularski.com.pl;
mularski.com.pl;
mularski.com.pl;
mularski.com.pl;
mularski.com.pl;
mularski.com.pl;
mularski.com.pl;
mularski.com.pl;
mularski.com.pl;
mularski.com.pl;
mularski.com.pl;
multifarb.net.pl;
multifarb.net.pl;
multifarb.net.pl;
multifarb.net.pl;
multifarb.net.pl;
multifarb.net.pl;
multifarb.net.pl;
multifarb.net.pl;
multifarb.net.pl;
multifarb.net.pl;
multifarb.net.pl;
multifarb.net.pl;
multifarb.net.pl;
multifarb.net.pl;
multifarb.net.pl;
musli.pl;
muzyka.2017katalog.com.pl;
muzyka.kat-regionalny.biz.pl;
muzyka.regioinfo.biz.pl;
muzyka.regionalne-katalogi.org.pl;
muzyka.seo24.biz.pl;
myfolio.com;
myfolio.com;
naforum.ovh;
nagydavid.eu;
nagydavid.eu;
nagydavid.eu;
nagydavid.eu;
nagydavid.eu;
nagydavid.eu;
nagydavid.eu;
najnowszepiosenki.pl;
najnowszepiosenki.pl;
najnowszepiosenki.pl;
najnowszepiosenki.pl;
nakazdytemat.biz.pl;
namepeeper.com;
namepeeper.com;
namepeeper.com;
namepeeper.com;
namepeeper.com;
namepeeper.com;
naprawa.duzy-blog.pl;
naprawa.e-artykulyy.pl;
naprawa.opinie-oseo.pl;
nasze.alemocne.com.pl;
nasze.badznaforum.info.pl;
nasze.badznatopie.info.pl;
nasze.cosdlakazdego.biz.pl;
nasze.co-wybrac.org.pl;
nasze.czasnafirme.info.pl;
nasze.czasprawdy.org.pl;
nasze.czystaprawda.biz.pl;
nasze.czytajofirmach.com.pl;
nasze.czyznasz.com.pl;
nasze.dobreforum.info.pl;
nasze.dobrerelacje.biz.pl;
nasze.dobrewiescii.com.pl;
nasze.dobryinteres.org.pl;
nasze.dodajswojaopinie.net.pl;
nasze.firmanatopie.edu.pl;
nasze.forumdlaklientow.com.pl;
nasze.gdziesieudac.net.pl;
nasze.infonaforum.edu.pl;
nasze.infoofirmach.edu.pl;
nasze.klienciofirmach.info.pl;
nasze.ktorafirma.net.pl;
nasze.mamywiesci.com.pl;
nasze.markanaforum.net.pl;
nasze.markanatopie.net.pl;
nasze.markanatopie.net.pl;
nasze.mixwiesci.biz.pl;
nasze.mocopinii.info.pl;
nasze.omarce.info.pl;
nasze.piszeklient.net.pl;
nasze.pluspost.biz.pl;
nasze.postawnabiznes.edu.pl;
nasze.postawnafirme.edu.pl;
nasze.postawnaforum.edu.pl;
nasze.wiescinaforum.com.pl;
nasze.znasztafirme.net.pl;
nasze.znasztoforum.org.pl;
naszeforum.info;
naszeforum.info;
naszeforum.info;
naszeforum.info;
naszeforum.info;
naszeforum.info;
naszeforum.info;
naszeforum.info;
naszeforum.info;
naszeforum.info;
naszeforum.info;
naszeforum.info;
naszeforum.info;
naszeforum.info;
naszeforum.info;
naszeforum.info;
naszeforum.info;
naszeforum.info;
naszeforum.info;
naszeforum.info;
naszeforum.info;
naszeforum.info;
naszeforum.info;
naszeforum.info;
naszeforum.info;
naszeforum.info;
naszeforum.info;
naszeforum.info;
naszeforum.info;
naszeforum.info;
naszeforum.info;
naszeforum.info;
naszeforum.info;
naszeforum.info;
naszeforum.info;
naszeforum.info;
naszeforum.info;
naszeforum.info;
naszeforum.info;
naszeforum.info;
naszeforum.info;
naszeforum.info;
naszeforum.info;
naszeforum.info;
naszeforum.info;
naszeforum.info;
naszeforum.info;
naszeforum.info;
naszeforum.info;
naszeforum.info;
naszeforum.info;
naszeforum.info;
naszeforum.info;
naszeforum.info;
naszeforum.info;
naszeforum.info;
naszeforum.info;
naszeforum.info;
naszeforum.info;
naszeforum.info;
naszeforum.info;
naszeforum.info;
natopiefora.net.pl;
natopiefora.org.pl;
natopiefora.org.pl;
naturalne-blogi.pl;
naturalne-blogi.pl;
nedds24.pl;
nedds24.pl;
nedds24.pl;
nedds24.pl;
nedds24.pl;
nedds24.pl;
nedds24.pl;
nedds24.pl;
nedds24.pl;
nedds24.pl;
nedds24.pl;
nedds24.pl;
nedds24.pl;
nedds24.pl;
nedds24.pl;
nedds24.pl;
nedds24.pl;
nedds24.pl;
nedds24.pl;
nedds24.pl;
nedds24.pl;
nedds24.pl;
nedds24.pl;
nedds24.pl;
nedds24.pl;
nedds24.pl;
nedds24.pl;
nedds24.pl;
nedds24.pl;
nedds24.pl;
nedds24.pl;
nedds24.pl;
nedds24.pl;
nedds24.pl;
nedds24.pl;
nedds24.pl;
nedds24.pl;
nedds24.pl;
nedds24.pl;
nedds24.pl;
nedds24.pl;
nedds24.pl;
nedds24.pl;
nedds24.pl;
nedds24.pl;
nedds24.pl;
nedds24.pl;
nedds24.pl;
nedds24.pl;
nedds24.pl;
nedds24.pl;
nedds24.pl;
nedds24.pl;
nedds24.pl;
nedds24.pl;
nedds24.pl;
nedds24.pl;
nedds24.pl;
nedds24.pl;
nedds24.pl;
nedds24.pl;
nedds24.pl;
nedds24.pl;
nedds24.pl;
nedds24.pl;
nedds24.pl;
nedds24.pl;
nedds24.pl;
nedds24.pl;
nedds24.pl;
nedds24.pl;
nedds24.pl;
nedds24.pl;
nedds24.pl;
nedds24.pl;
nedds24.pl;
nedds24.pl;
nedds24.pl;
nedds24.pl;
nedds24.pl;
nedds24.pl;
nedds24.pl;
nedds24.pl;
nedds24.pl;
nedds24.pl;
nedds24.pl;
nedds24.pl;
nedds24.pl;
nedds24.pl;
nedds24.pl;
nedds24.pl;
nedds24.pl;
nedds24.pl;
nedds24.pl;
nedds24.pl;
nedds24.pl;
nedds24.pl;
nedds24.pl;
nedds24.pl;
nedds24.pl;
nedds24.pl;
nedds24.pl;
nedds24.pl;
nedds24.pl;
nedds24.pl;
nedds24.pl;
nedds24.pl;
nedds24.pl;
nedds24.pl;
nedds24.pl;
nedds24.pl;
nedds24.pl;
nedds24.pl;
nedds24.pl;
nedds24.pl;
nedds24.pl;
nedds24.pl;
nedds24.pl;
nedds24.pl;
nedds24.pl;
nedds24.pl;
nedds24.pl;
nedds24.pl;
nedds24.pl;
nedds24.pl;
nedds24.pl;
nedds24.pl;
nedds24.pl;
nedds24.pl;
nedds24.pl;
nedds24.pl;
nedds24.pl;
nedds24.pl;
nedds24.pl;
nedds24.pl;
nedds24.pl;
nedds24.pl;
nedds24.pl;
nedds24.pl;
nedds24.pl;
nedds24.pl;
nedds24.pl;
nedds24.pl;
nedds24.pl;
nedds24.pl;
nedds24.pl;
nedds24.pl;
nedds24.pl;
nedds24.pl;
nedds24.pl;
nedds24.pl;
nedds24.pl;
nedds24.pl;
nedds24.pl;
nedds24.pl;
nedds24.pl;
nedds24.pl;
nedds24.pl;
nedds24.pl;
nedds24.pl;
nedds24.pl;
nedds24.pl;
nedds24.pl;
nedds24.pl;
nedds24.pl;
nedds24.pl;
nedds24.pl;
nedds24.pl;
nedds24.pl;
nedds24.pl;
nedds24.pl;
nedds24.pl;
nedds24.pl;
nedds24.pl;
nedds24.pl;
nedds24.pl;
nedds24.pl;
nedds24.pl;
nedds24.pl;
nedds24.pl;
nedds24.pl;
nedds24.pl;
nedds24.pl;
nedds24.pl;
nedds24.pl;
nedds24.pl;
nedds24.pl;
nedds24.pl;
nedds24.pl;
nedds24.pl;
nedds24.pl;
nedds24.pl;
nedds24.pl;
nedds24.pl;
nedds24.pl;
nedds24.pl;
nedds24.pl;
nedds24.pl;
nedds24.pl;
nedds24.pl;
nedds24.pl;
nedds24.pl;
neednet.pl;
neednet.pl;
neednet.pl;
neednet.pl;
newer.multi.seokatalog.beskidy.pl;
nigeria.lista.kartuzy.pl;
nl.pinterest.com;
nl.pinterest.com;
nl.pinterest.com;
nl.pinterest.com;
nl.pinterest.com;
nl.pinterest.com;
nowafirmatu.biz.pl;
nowagra.duzy-blog.pl;
nowagra.gigant-blog.pl;
nowagra.new-newsy.pl;
nowa-wartosc.pl;
nowa-wartosc.pl;
noweczytanie.info.pl;
noweczytanie.info.pl;
nowewiesci.edu.pl;
nowewiesci.edu.pl;
nowewiesci.edu.pl;
nowewiesci.edu.pl;
nowy-biznes.net.pl;
nux.listastron.bialystok.pl;
nz.pinterest.com;
nz.pinterest.com;
nz.pinterest.com;
nz.pinterest.com;
nz.pinterest.com;
nz.pinterest.com;
nz.pinterest.com;
ochrona.live.katalog24.augustow.pl;
odkrywca.info.pl;
odkrywca.info.pl;
odludek.pl;
odludek.pl;
odpowiednia.wlasciwareklama.pl;
odziezkobieca.blogoweopinie.pl;
odziezkobieca.blogoweopinie.pl;
odziezkobieca.blogoweopinie.pl;
odziezkobieca.blogoweopinie.pl;
odziezkobieca.opinieoseo.pl;
ogloszeniadlaciebie.rybnik.pl;
ogloszeniadlaciebie.rybnik.pl;
ogloszeniadlaciebie.rybnik.pl;
ogloszeniadlaciebie.rybnik.pl;
ogloszeniadlaciebie.rybnik.pl;
ogloszeniadlaciebie.rybnik.pl;
ogloszeniadlaciebie.rybnik.pl;
ogloszeniadlaciebie.rybnik.pl;
ogloszeniatop.katowice.pl;
ogloszeniatop.katowice.pl;
ogloszeniatop.katowice.pl;
ogloszeniatop.katowice.pl;
ogloszeniatop.katowice.pl;
ogloszeniatop.katowice.pl;
ogloszeniatop.katowice.pl;
ogolne.pl;
ogolne.pl;
ogolne.pl;
ogolne.pl;
ogolne.pl;
ogolne.pl;
ogolne.pl;
ogolne.pl;
oitbd.pl;
oitbd.pl;
okatalog.pl;
okatalog.pl;
okiempozytywnej28.blogspot.com;
okiempozytywnej28.blogspot.com;
omega75.eu;
omega75.eu;
omega75.eu;
omega75.eu;
omega75.eu;
omega75.eu;
omega75.eu;
omnet.info.pl;
openstreetmap.org;
openstreetmap.org;
opinia.blog-4me.pl;
opinia.blog-forme.pl;
opinia.blog-gigant.pl;
opinia.blogowe-opinie.pl;
opinia.full-tresci.pl;
opinia.masz-bloga.pl;
opinia.new-newsy.pl;
opinia.new-oblicze.pl;
opinia.poradadla-was.pl;
opinia.seo-moda.pl;
opinieopcjebinarne.pl;
opinieopcjebinarne.pl;
opinieopcjebinarne.pl;
opinieopcjebinarne.pl;
opinie-oseo.pl;
opracowania.e-artykulyy.pl;
opracowania.e-blogowac.pl;
opracowania.ekstra-blog.pl;
opracowania.fakt-mit.pl;
opracowania.garsc-wiedzy.pl;
opracowania.poradadla-was.pl;
optyk.net;
optyk.net;
optyk.net;
optyk.net;
optyk.net;
optyk.net;
optyk.net;
optyk.net;
optyk.net;
optyk.net;
optyk.net;
optyk.net;
orange.abc.katalog24.augustow.pl;
otouznam.pl;
otouznam.pl;
ourworld.pun.pl;
p2p-next.eu;
p2p-next.eu;
p2p-next.eu;
p2p-next.eu;
p2p-next.eu;
p2p-next.eu;
p2p-next.eu;
p2p-next.eu;
palmers.pl;
palmers.pl;
paneleu.seowpis.bedzin.pl;
pankracymedia.pl;
pankracymedia.pl;
pankracymedia.pl;
pbc.rzeszow.pl;
persomobiles.eu;
persomobiles.eu;
persomobiles.eu;
persomobiles.eu;
persomobiles.eu;
persomobiles.eu;
persomobiles.eu;
persomobiles.eu;
persomobiles.eu;
persomobiles.eu;
persomobiles.eu;
persomobiles.eu;
persomobiles.eu;
persomobiles.eu;
persomobiles.eu;
persomobiles.eu;
persomobiles.eu;
persomobiles.eu;
persomobiles.eu;
persomobiles.eu;
phadera.wordpress.com;
phadera.wordpress.com;
phadera.wordpress.com;
piel.pl;
piel.pl;
pieniny-info.pl;
pikaska.pl;
pikaska.pl;
pikaska.pl;
pinterest.co.kr;
pinterest.co.kr;
pinterest.co.uk;
pinterest.co.uk;
pinterest.com;
pinterest.com;
pinterest.com;
pinterest.com;
pinterest.com;
pinterest.com;
pinterest.com;
pinterest.com;
pinterest.com;
pinterest.com;
pinterest.com;
pinterest.com;
pinterest.com;
pinterest.com;
pinterest.com;
pinterest.com;
pinterest.com;
pinterest.com;
pinterest.com;
pinterest.com;
pinterest.com;
pinterest.com;
pinterest.com;
pinterest.com;
pinterest.com;
pinterest.com;
pinterest.com;
pinterest.com;
pinterest.com;
pinterest.com;
pinterest.com;
pinterest.com;
pinterest.com;
pinterest.com;
pinterest.com;
pinterest.com;
pinterest.com;
pinterest.com;
pinterest.com;
pinterest.com;
pinterest.com;
pinterest.com;
pinterest.com;
pinterest.com;
pinterest.com;
pinterest.com;
pinterest.com;
pinterest.com;
pinterest.com;
pinterest.com;
pinterest.com;
pinterest.com;
pinterest.com;
pinterest.com;
pinterest.com;
pinterest.com;
pinterest.com;
pinterest.com;
pinterest.com;
pinterest.com;
pinterest.com;
pinterest.com;
pinterest.com;
pinterest.com;
pinterest.com;
pinterest.com;
pinterest.com;
pinterest.com;
pinterest.com;
pinterest.com;
pinterest.com;
pinterest.com;
pinterest.com;
pinterest.com;
pinterest.com;
pinterest.com;
pinterest.com;
pinterest.com;
pinterest.com;
pinterest.com;
pinterest.com;
pinterest.com;
pinterest.com;
pinterest.com;
pinterest.com;
pinterest.com;
pinterest.com;
pinterest.com;
pinterest.com;
pinterest.com;
pinterest.com;
pinterest.com;
pinterest.com;
pinterest.com;
pinterest.com;
pinterest.com;
pinterest.com;
pinterest.com;
pinterest.com;
pinterest.com;
pinterest.com;
pinterest.com;
pinterest.com;
pinterest.com;
pinterest.com;
pinterest.com;
pinterest.com;
pinterest.com;
pinterest.com;
pinterest.com;
pinterest.com;
pinterest.com;
pinterest.com;
pinterest.com;
pinterest.com;
pinterest.com;
pinterest.com;
pinterest.com;
pinterest.com;
pinterest.com;
pinterest.com;
pinterest.com;
pinterest.com;
pinterest.com;
pinterest.com;
pinterest.de;
pinterest.de;
pinterest.de;
pinterest.de;
pinterest.de;
pinterest.dk;
pinterest.dk;
pinterest.dk;
pinterest.jp;
pinterest.jp;
pinterest.pt;
pinterest.pt;
pinterest.se;
pinterest.se;
pinterest.se;
pinterest.se;
pinterest.se;
pinterest.se;
pinterest.se;
pinterest.se;
pinterest.se;
pinterest.se;
pinterest.se;
pinterest.se;
pinterest.se;
pinterest.se;
pinterest.se;
pinterest.se;
pinterest.se;
pinterest.se;
pinterest.se;
pinterest.se;
pinterest.se;
pinterest.se;
pinterest.se;
pinterest.se;
pinterest.se;
pinterest.se;
pinterest.se;
pinterest.se;
pinterest.se;
pinterest.se;
pinterest.se;
pinterest.se;
pinterest.se;
pinterest.se;
pinterest.se;
pinterest.se;
pinterest.se;
pinterest.se;
pinterest.se;
pinterest.se;
pinterest.se;
pinterest.se;
pinterest.se;
pinterest.se;
pinterest.se;
pinterest.se;
pinterest.se;
pinterest.se;
pinterest.se;
pinterest.se;
pinterest.se;
pinterest.se;
pinterest.se;
pinterest.se;
pinterest.se;
pinterest.se;
pinterest.se;
pinterest.se;
pinterest.se;
pinterest.se;
pinterest.se;
pisz.blog-4me.pl;
pisz.ekstra-blog.pl;
pisz.fakt-mit.pl;
pisz.historia-bloga.pl;
pisz.mix-wartosci.pl;
pisz.warte-teksty.pl;
piszeklient.net.pl;
piszeklient.net.pl;
piszemytexty.pl;
piszemytexty.pl;
piszemytexty.pl;
piszwiecej.org.pl;
piszwiecej.org.pl;
piszwiecej.org.pl;
piszwiecej.org.pl;
piwny.wpis.seo.ilawa.pl;
pksi.top10.evai.pl;
pkt.pl;
pkt.pl;
pkt.pl;
pkt.pl;
pkt.pl;
pkt.pl;
pkt.pl;
pkt.pl;
pkt.pl;
pkt.pl;
pkt.pl;
pkt.pl;
pkt.pl;
pkt.pl;
pkt.pl;
pkt.pl;
pkt.pl;
pkt.pl;
pkt.pl;
pkt.pl;
pkt.pl;
pkt.pl;
pkt.pl;
pkt.pl;
pkt.pl;
pkt.pl;
pkt.pl;
pkt.pl;
pkt.pl;
pkt.pl;
pkt.pl;
pkt.pl;
pl.blogowe-opinie.pl;
pl.blog-trans.pl;
pl.czasowy-blog.pl;
pl.czas-pisania.pl;
pl.dodawaj-blogi.pl;
pl.full-art.pl;
pl.full-arty.pl;
pl.full-tresci.pl;
pl.katalog.czerwony.babia-gora.pl;
pl.new-newsy.pl;
pl.new-oblicze.pl;
pl.opinie-oseo.pl;
pl.pinterest.com;
pl.pinterest.com;
pl.pinterest.com;
pl.pinterest.com;
pl.pinterest.com;
pl.pinterest.com;
pl.pinterest.com;
pl.pinterest.com;
pl.pinterest.com;
pl.pinterest.com;
pl.pinterest.com;
pl.poradadla-was.pl;
pl.stabilna-wersja.pl;
platteconsult.eu;
platteconsult.eu;
platteconsult.eu;
platteconsult.eu;
platteconsult.eu;
platteconsult.eu;
platteconsult.eu;
plotkarski.baza-biznesu.edu.pl;
plotkarski.branzowykatalog.edu.pl;
plotkarski.dlapozycjonerow.edu.pl;
plotkarski.dodajbiznes.org.pl;
plotkarski.dodajfirme.net.pl;
plotkarski.dokatalogu.org.pl;
plotkarski.eleganckikat.info.pl;
plotkarski.ertus.biz.pl;
plotkarski.finalny.edu.pl;
plotkarski.firmawkatalogu.com.pl;
plotkarski.freekat.edu.pl;
plotkarski.gwiazderski.info.pl;
plotkarski.harcerski.info.pl;
plotkarski.kaskaderski.net.pl;
plotkarski.katalogbiznesowy.edu.pl;
plotkarski.katalogdla.info.pl;
plotkarski.katalogdlabiznesu.pl;
plotkarski.katalogibiznes.info.pl;
plotkarski.katalognatopie.org.pl;
plotkarski.mega-katalog.info.pl;
plotkarski.nowootwarty.net.pl;
plotkarski.nowy-biznes.net.pl;
plotkarski.otwartykat.net.pl;
plotkarski.podokiem.org.pl;
plotkarski.stronyzpr.net.pl;
plotkarski.superkat.com.pl;
plotkarski.szybkikatalog.biz.pl;
plotkarski.twojafirmaa.com.pl;
plotkarski.tworzymybaze.com.pl;
plotkarski.wkatalogu.biz.pl;
plotkarski.zbiorinformacji.org.pl;
plotkarski.zbiorwiedzy.org.pl;
plus.google.com;
plus.google.com;
plus.google.com;
plus.google.com;
pluspost.biz.pl;
poczta.it.katalog-24.augustow.pl;
pogaduchy.eu;
pogaduchy.eu;
pogaduchy.eu;
pogaduchy.eu;
pogaduchy.eu;
pogaduchy.eu;
pogaduchy.eu;
pogaduchy.eu;
pogaduchy.eu;
pogaduchy.eu;
pogaduchy.eu;
pogaduchy.eu;
pogaduchy.eu;
pogaduchy.eu;
pogaduchy.eu;
pogaduchy.eu;
pogaduchy.eu;
pogaduchy.eu;
pogaduchy.eu;
pogaduchy.eu;
pogaduchy.eu;
pogaduchy.eu;
pogaduchy.eu;
pogaduchy.eu;
pogaduszki.biznesnablogu.edu.pl;
pogaduszki.blogity.org.pl;
pogaduszki.czasdlabiznesu.com.pl;
pogaduszki.piszwiecej.org.pl;
pogaduszki.swiezyblog.biz.pl;
pojazdy.artyofirmach.com.pl;
pojazdy.czasdlabiznesu.com.pl;
pojazdy.firmy-nablogu.info.pl;
pojazdy.firmynaczasie.org.pl;
pojazdy.piszwiecej.org.pl;
pojazdy.swiezyblog.biz.pl;
pokertexas.pl;
pokertexas.pl;
polandspan.pl;
polandspan.pl;
polandspan.pl;
polandspan.pl;
polandspan.pl;
polandspan.pl;
polandspan.pl;
polandspan.pl;
polska.strona.karpacz.pl;
polska123.com.pl;
polska123.com.pl;
polska123.com.pl;
polska123.com.pl;
polska-forum.org.pl;
polskanaczasie.edu.pl;
polskie-fora.biz.pl;
polskie-fora.net.pl;
polskiekatalogistron.org.pl;
polskieszafiarki.pl;
polskieszafiarki.pl;
polskietematy.org.pl;
pomorskie.blogity.org.pl;
pomorskie.blogzmocna.com.pl;
pomorskie.firma-nablogu.info.pl;
pomorskie.mamybiznesy.com.pl;
pomorskie.wiescizneta.com.pl;
pomorze.blog-neo.pl;
pomorze.blogowe-opinie.pl;
pomorze.czasowy-blog.pl;
pomorze.full-arty.pl;
pomorze.full-tresci.pl;
pomorze.seo-moda.pl;
poradadla-was.pl;
poradadla-was.pl;
poradniczek.tumblr.com;
poradnik-seo.pl;
poradnik-seo.pl;
poradnik-zdrowia.co.pl;
portallo.co.pl;
portallo.co.pl;
portallo.co.pl;
portallo.co.pl;
portallo.co.pl;
portallo.co.pl;
portallo.co.pl;
portallo.co.pl;
portallo.co.pl;
portallo.co.pl;
portallo.co.pl;
portallo.co.pl;
portallo.co.pl;
portallo.co.pl;
portallo.co.pl;
portallo.co.pl;
portallo.co.pl;
portallo.co.pl;
portallo.co.pl;
postawnabiznes.edu.pl;
postujemy-naforum.pl;
power.bydgoszcz.pl;
power.bydgoszcz.pl;
power.bydgoszcz.pl;
powered.lista.seo.ilawa.pl;
poznan.wielka.olawa.pl;
poznawajswiatprzezinternet.pl;
poznawajswiatprzezinternet.pl;
poznawajswiatprzezinternet.pl;
poznawajswiatprzezinternet.pl;
poznawajswiatprzezinternet.pl;
poznawajswiatprzezinternet.pl;
poznawajswiatprzezinternet.pl;
poznawajswiatprzezinternet.pl;
pozycjonerski.baza-biznesu.edu.pl;
pozycjonerski.branzowykatalog.edu.pl;
pozycjonerski.dlapozycjonerow.edu.pl;
pozycjonerski.dokatalogu.org.pl;
pozycjonerski.eleganckikat.info.pl;
pozycjonerski.ertus.biz.pl;
pozycjonerski.finalny.edu.pl;
pozycjonerski.firmawkatalogu.com.pl;
pozycjonerski.freekat.edu.pl;
pozycjonerski.harcerski.info.pl;
pozycjonerski.kaskaderski.net.pl;
pozycjonerski.katalogbiznesowy.edu.pl;
pozycjonerski.katalogdlabiznesu.pl;
pozycjonerski.katalogelitarny.pl;
pozycjonerski.katalognatopie.org.pl;
pozycjonerski.katalogpodlupa.biz.pl;
pozycjonerski.maszfirme.biz.pl;
pozycjonerski.mega-katalog.info.pl;
pozycjonerski.miejscedlafirm.info.pl;
pozycjonerski.nowabaza.info.pl;
pozycjonerski.nowy-biznes.net.pl;
pozycjonerski.nowykatalog.net.pl;
pozycjonerski.otwartykat.net.pl;
pozycjonerski.podokiem.org.pl;
pozycjonerski.stronyzpr.net.pl;
pozycjonerski.superkat.com.pl;
pozycjonerski.twojafirmaa.com.pl;
pozycjonerski.uni-kat.info.pl;
pozycjonerski.wkatalogu.biz.pl;
pozycjonerski.w-katalogu.biz.pl;
pozycjonerski.zbiorinformacji.org.pl;
pozycjonerski.zbiorwiedzy.org.pl;
pozycjonowanie-smartone.pl;
pozycjonowanie-smartone.pl;
pozycjonowanie-smartone.pl;
pozycjonowanie-smartone.pl;
pozycjonowanie-smartone.pl;
pozycjonowanie-smartone.pl;
pozycjonowanie-smartone.pl;
pozycjonujstrone.pl;
pozycjonujstrone.pl;
pozycjonujstrone.pl;
pozycjonujstrone.pl;
praca-welmax.pl;
pracowniadiva.pl;
pracownicy.blog-4me.pl;
pracownicy.blog-wojenny.pl;
pracownicy.czas-pisania.pl;
pracownicy.dodaj-nowosc.pl;
pracownicy.dodaj-nowosc.pl;
pracownicy.dodawaj-blogi.pl;
pracownicy.e-artykulyy.pl;
pracownicy.e-artykulyy.pl;
pracownicy.full-art.pl;
pracownicy.full-art.pl;
pracownicy.garsc-wiedzy.pl;
pracownicy.i-artyy.pl;
pracownicy.nowa-wartosc.pl;
pracownicy.poradadla-was.pl;
prawdziwybiznes.com.pl;
prawdziwybiznes.com.pl;
prawdziwybiznes.com.pl;
prawdziwybiznes.com.pl;
prawdziwybiznes.com.pl;
prawdziwybiznes.com.pl;
prawdziwybiznes.com.pl;
prawdziwybiznes.com.pl;
prawdziwybiznes.com.pl;
premium.pl.seowpis.bedzin.pl;
priv.strona.karpacz.pl;
program.badz-czasowy.pl;
program.e-artykulyy.pl;
program.fakt-mit.pl;
program.full-arty.pl;
program.opinie-oseo.pl;
programista.firmy-nablogu.info.pl;
programista.maszfirmee.net.pl;
programista.noweczytanie.info.pl;
promocja.blog-jarski.pl;
promocja.dodawaj-blogi.pl;
promocja.duzy-blog.pl;
promocja.ekstra-blog.pl;
promocja.historia-bloga.pl;
promocja.moda-nablogu.pl;
promocja.naturalne-blogi.pl;
promocja.nowa-wartosc.pl;
promocja.stabilna-wersja.pl;
promoszop.pl;
prywatny.eu.seowpis.bedzin.pl;
przyjacielski.katalog-biznes2017.biz.pl;
przyjacielski.pks-pl.com.pl;
psaltis.eu;
psaltis.eu;
psaltis.eu;
psaltis.eu;
psaltis.eu;
psaltis.eu;
psaltis.eu;
psiatelewizja.pl;
psychodela.wypowiedzi.pl;
psychodela.wypowiedzi.pl;
psychodela.wypowiedzi.pl;
psychodela.wypowiedzi.pl;
psychodela.wypowiedzi.pl;
psychodela.wypowiedzi.pl;
psychodela.wypowiedzi.pl;
psychodela.wypowiedzi.pl;
psychodela.wypowiedzi.pl;
psychodela.wypowiedzi.pl;
psychodela.wypowiedzi.pl;
psychodela.wypowiedzi.pl;
psychodela.wypowiedzi.pl;
psychodela.wypowiedzi.pl;
psychodela.wypowiedzi.pl;
psychodela.wypowiedzi.pl;
psychodela.wypowiedzi.pl;
psychodela.wypowiedzi.pl;
psychodela.wypowiedzi.pl;
psychodela.wypowiedzi.pl;
psychodela.wypowiedzi.pl;
psychodela.wypowiedzi.pl;
psychodela.wypowiedzi.pl;
psychodela.wypowiedzi.pl;
psychodela.wypowiedzi.pl;
psychodela.wypowiedzi.pl;
psychodela.wypowiedzi.pl;
psychodela.wypowiedzi.pl;
psychodela.wypowiedzi.pl;
pt.pinterest.com;
pt.pinterest.com;
pt.pinterest.com;
pt.pinterest.com;
pt.pinterest.com;
pucharypremium.pl;
pucharypremium.pl;
pucharypremium.pl;
pucharypremium.pl;
pucharypremium.pl;
pucharypremium.pl;
pucharypremium.pl;
qnaszeforum.info;
qnaszeforum.info;
qnaszeforum.info;
qnaszeforum.info;
qnaszeforum.info;
qnaszeforum.info;
qnaszeforum.info;
qnaszeforum.info;
qnaszeforum.info;
qnaszeforum.info;
qnaszeforum.info;
qnaszeforum.info;
qpongo.pl;
qpongo.pl;
qpongo.pl;
qpongo.pl;
qww.kuptanio.pl;
qww.naszeforum.info;
qww.naszeforum.info;
qww.naszeforum.info;
qww.naszeforum.info;
qww.naszeforum.info;
qww.naszeforum.info;
qww.naszeforum.info;
qww.naszeforum.info;
qww.naszeforum.info;
qww.naszeforum.info;
qww.naszeforum.info;
qww.naszeforum.info;
qww.naszeforum.info;
qww.naszeforum.info;
rajstopyblog.pl;
rajstopyblog.pl;
rajstopyblog.pl;
rajstopyblog.pl;
rajstopyblog.pl;
rajstopyblog.pl;
rajstopyblog.pl;
rajstopyblog.pl;
ra-studio.eu;
ra-studio.eu;
ra-studio.eu;
ra-studio.eu;
ra-studio.eu;
ra-studio.eu;
raz.czerwony.babia-gora.pl;
realizmmagiczny.pl;
realmadrid.pl;
realmadrid.pl;
redgos.kuptanio.pl;
redgos.kuptanio.pl;
red-led.com.pl;
red-led.com.pl;
red-led.com.pl;
red-led.com.pl;
regdes.kuptanio.pl;
regioinfo.biz.pl;
regionalny-katalog.biz.pl;
rejestracjafm.pl;
rejestracjafm.pl;
rejestracjafm.pl;
rejestracjafm.pl;
rejestracjafm.pl;
rejestracjafm.pl;
reklamastron.wybieramykatalog.pl;
reklamowy.katalog-reklamastron.pl;
rekodzielodomis.pl;
rekodzielodomis.pl;
rekodzielodomis.pl;
rekodzielodomis.pl;
rekodzielodomis.pl;
rekodzielodomis.pl;
rekodzielodomis.pl;
rekodzielodomis.pl;
rekodzielodomis.pl;
rekodzielodomis.pl;
rekodzielodomis.pl;
renil.seowpis.bedzin.pl;
rfmfm.com.pl;
rfmfm.com.pl;
rich.wroclaw.pl;
rich.wroclaw.pl;
rich.wroclaw.pl;
rich.wroclaw.pl;
rich.wroclaw.pl;
rich.wroclaw.pl;
rich.wroclaw.pl;
rich.wroclaw.pl;
rktruck.com;
rozmowki.dodajarty.org.pl;
rozmowki.mamyarty.com.pl;
roznetematy.com.pl;
rss.eu.seowpis.bedzin.pl;
rty.seo.seolista.bialowieza.pl;
ru.katalog.czerwony.babia-gora.pl;
ru.pinterest.com;
ru.strona.karpacz.pl;
ru.strona.karpacz.pl;
rumunia.lista.kartuzy.pl;
rytmybielizny.pl;
rytmybielizny.pl;
rytmybielizny.pl;
rytmybielizny.pl;
rytmybielizny.pl;
rytmybielizny.pl;
rytmybielizny.pl;
rytmybielizny.pl;
rytmybielizny.pl;
rytmybielizny.pl;
rytmybielizny.pl;
rytmybielizny.pl;
rytmybielizny.pl;
rytmybielizny.pl;
rytmybielizny.pl;
rytmybielizny.pl;
rytmybielizny.pl;
rytmybielizny.pl;
rytmybielizny.pl;
rytmybielizny.pl;
rytmybielizny.pl;
rytmybielizny.pl;
rytmybielizny.pl;
rytmybielizny.pl;
rytmybielizny.pl;
rytmybielizny.pl;
rytmybielizny.pl;
rytmybielizny.pl;
rytmybielizny.pl;
rytmybielizny.pl;
rytmybielizny.pl;
rytmybielizny.pl;
rytmybielizny.pl;
rytmybielizny.pl;
rytmybielizny.pl;
rytmybielizny.pl;
rytmybielizny.pl;
rytmybielizny.pl;
rytmybielizny.pl;
rytmybielizny.pl;
rytmybielizny.pl;
rytmybielizny.pl;
rytmybielizny.pl;
rytmybielizny.pl;
rytmybielizny.pl;
rytmybielizny.pl;
rytmybielizny.pl;
rytmybielizny.pl;
rytmybielizny.pl;
rytmybielizny.pl;
rytmybielizny.pl;
rytmybielizny.pl;
rytmybielizny.pl;
rytmybielizny.pl;
rytmybielizny.pl;
rytmybielizny.pl;
rytmybielizny.pl;
rytmybielizny.pl;
rytmybielizny.pl;
rytmybielizny.pl;
rytmybielizny.pl;
rytmybielizny.pl;
rytmybielizny.pl;
rytmybielizny.pl;
rytmybielizny.pl;
rytmybielizny.pl;
rytmybielizny.pl;
rytmybielizny.pl;
rytmybielizny.pl;
rytmybielizny.pl;
rytmybielizny.pl;
rytmybielizny.pl;
rytmybielizny.pl;
rytmybielizny.pl;
rytmybielizny.pl;
rytmybielizny.pl;
rytmybielizny.pl;
rytmybielizny.pl;
rytmybielizny.pl;
rytmybielizny.pl;
rytmybielizny.pl;
rytmybielizny.pl;
rzym1.pl;
rzym1.pl;
safpnuz.kuptanio.pl;
samochody.czytajoo.com.pl;
samochody.czytaj-wiecej.info.pl;
samochody.gigantynablogu.edu.pl;
samochody.maszfirmee.net.pl;
se5.pl;
se5.pl;
se5.pl;
se5.pl;
se5.pl;
se5.pl;
se5.pl;
se5.pl;
se5.pl;
se5.pl;
se5.pl;
se5.pl;
se5.pl;
se5.pl;
se5.pl;
se5.pl;
se5.pl;
se5.pl;
se5.pl;
se5.pl;
se5.pl;
se5.pl;
se5.pl;
se5.pl;
se5.pl;
se5.pl;
se5.pl;
se5.pl;
se5.pl;
se5.pl;
se5.pl;
se5.pl;
se5.pl;
se5.pl;
se5.pl;
se5.pl;
se5.pl;
se5.pl;
se5.pl;
se5.pl;
se5.pl;
se5.pl;
se5.pl;
se5.pl;
se5.pl;
se5.pl;
se5.pl;
se5.pl;
se5.pl;
se5.pl;
se5.pl;
se5.pl;
se5.pl;
seo.baza-biznesu.edu.pl;
seo.branzowykatalog.edu.pl;
seo.dlapozycjonerow.edu.pl;
seo.dodajfirme.net.pl;
seo.dokatalogu.org.pl;
seo.e-kataloguj.com.pl;
seo.eleganckikat.info.pl;
seo.ertus.biz.pl;
seo.finalny.edu.pl;
seo.firmawkatalogu.com.pl;
seo.freekat.edu.pl;
seo.gwiazderski.info.pl;
seo.harcerski.info.pl;
seo.kaskaderski.net.pl;
seo.katalog2014.biz.pl;
seo.katalogbiznesowy.edu.pl;
seo.katalogdla.info.pl;
seo.katalogelitarny.pl;
seo.katalogibiznes.info.pl;
seo.katalogpodlupa.biz.pl;
seo.lista-firm.net.pl;
seo.mega-katalog.info.pl;
seo.miejscedlafirm.info.pl;
seo.mistrzowski.net.pl;
seo.nowabaza.info.pl;
seo.nowootwarty.net.pl;
seo.nowy-biznes.net.pl;
seo.nowykatalog.net.pl;
seo.otwartykat.net.pl;
seo.pionerski.biz.pl;
seo.pluskat.info.pl;
seo.podokiem.org.pl;
seo.stronyzpr.net.pl;
seo.superkat.com.pl;
seo.swiatowykat.com.pl;
seo.szybkikatalog.biz.pl;
seo.twojafirmaa.com.pl;
seo.tworzymybaze.com.pl;
seo.uni-kat.info.pl;
seo.wkatalogu.biz.pl;
seo.w-katalogu.biz.pl;
seo.zbiorinformacji.org.pl;
seo.zbiorwiedzy.org.pl;
seo1.dom.seolista.bialowieza.pl;
seo2.dom.seolista.bialowieza.pl;
seo2.pod.czerwony.babia-gora.pl;
seo24.biz.pl;
seo3.seolista.bialowieza.pl;
seo-devet24.net;
seo-due24.net;
seo-elf24.net;
seo-femton24.net;
seo-go24.net;
seohouse.pl;
seohouse.pl;
seohouse.pl;
seoisem.artyyyy.org.pl;
seoisem.blog2015.org.pl;
seoisem.blog2015.org.pl;
seoisem.firmynaczasie.org.pl;
seoisem.znany-blog.com.pl;
seok.pl;
seok.pl;
seokat.katalog-24.augustow.pl;
seokatalog24.net;
seo-link.pl;
seo-link.pl;
seo-linki.biz.pl;
seolista.strona.karpacz.pl;
seolista.strona.karpacz.pl;
seo-neliteist24.net;
seo-osiem24.net;
seopl.seowpis.bedzin.pl;
seo-quatre24.net;
seo-seis24.net;
seoseo.ilawa.pl;
seo-shiliu24.net;
seo-six24.net;
seo-stats.xyz;
seostrony.domain.katalog24.augustow.pl;
seo-tien24.net;
seo-tolv24.net;
seo-tre24.net;
seo-treze24.net;
s-forum.com.pl;
shopwalker.eu;
shopwalker.eu;
silny.biznes2017.biz.pl;
silny.kataloginfo.com.pl;
silny.katalog-vip.com.pl;
silny.pks-pl.com.pl;
silny.polskiekatalogistron.org.pl;
silny.regionalne-katalogi.org.pl;
silny.vip-katalog.info.pl;
silviacosta.eu;
silviacosta.eu;
silviacosta.eu;
silviacosta.eu;
silviacosta.eu;
silviacosta.eu;
silviacosta.eu;
silviacosta.eu;
silviacosta.eu;
silviacosta.eu;
silviacosta.eu;
silviacosta.eu;
silviacosta.eu;
silviacosta.eu;
silviacosta.eu;
silviacosta.eu;
silviacosta.eu;
silviacosta.eu;
silviacosta.eu;
silviacosta.eu;
silviacosta.eu;
silviacosta.eu;
silviacosta.eu;
silviacosta.eu;
silviacosta.eu;
silviacosta.eu;
silviacosta.eu;
silviacosta.eu;
silviacosta.eu;
silviacosta.eu;
single-speed.eu;
single-speed.eu;
single-speed.eu;
single-speed.eu;
single-speed.eu;
single-speed.eu;
single-speed.eu;
sitcom24.pl;
sitcom24.pl;
sitcom24.pl;
sitcom24.pl;
sitcom24.pl;
sitcom24.pl;
sitcom24.pl;
sitcom24.pl;
sitcom24.pl;
sitcom24.pl;
sitcom24.pl;
sitcom24.pl;
sitcom24.pl;
sitcom24.pl;
sitcom24.pl;
sitcom24.pl;
sitcom24.pl;
sitcom24.pl;
sitcom24.pl;
sitcom24.pl;
sitcom24.pl;
sitcom24.pl;
sitcom24.pl;
sitcom24.pl;
sitcom24.pl;
sitcom24.pl;
sitcom24.pl;
sjo-pwr.wroclaw.pl;
sjo-pwr.wroclaw.pl;
sk.pinterest.com;
sk.pinterest.com;
sk.pinterest.com;
sk.pinterest.com;
sk.pinterest.com;
sk.pinterest.com;
skan.full-arty.pl;
skan.full-tresci.pl;
skan.moda-nablogu.pl;
skan.piszemy-madrze.pl;
sklad-tekstu.com.pl;
sklad-tekstu.com.pl;
sklad-tekstu.com.pl;
sklad-tekstu.com.pl;
sklad-tekstu.com.pl;
sklad-tekstu.com.pl;
sklepcosmeticderm.pl;
sklepcosmeticderm.pl;
sklepcosmeticderm.pl;
sklepcosmeticderm.pl;
sklepcosmeticderm.pl;
sklepcosmeticderm.pl;
sklepcosmeticderm.pl;
sklepcosmeticderm.pl;
sklepowo.net;
sklepowo.net;
skocz.com;
skocz.com;
skuteczny.katalog-listastron.pl;
skuteczny.katalog-reklamastron.pl;
skuteczny.seo24.biz.pl;
slascycules.pl;
slascycules.pl;
slascycules.pl;
slascycules.pl;
slascycules.pl;
slascycules.pl;
slascycules.pl;
slascycules.pl;
slascycules.pl;
slaskie.artywnecie.info.pl;
slaskie.blogzpasja.info.pl;
slaskie.mamyarty.com.pl;
slaskie.piszwiecej.org.pl;
slawny.strona.karpacz.pl;
slowenia.lista.kartuzy.pl;
soliditet.com.pl;
soliditet.com.pl;
sopot.blog-4me.pl;
sopot.blog-wojenny.pl;
sopot.duzy-blog.pl;
sopot.nowa-wartosc.pl;
sopot.opinie-oseo.pl;
sopot.stabilna-wersja.pl;
sopot.tech.strona.karpacz.pl;
spoleczenstwo.blog-gigant.pl;
spoleczenstwo.blog-gigant.pl;
spoleczenstwo.blog-neo.pl;
spoleczenstwo.czasowy-blog.pl;
spoleczenstwo.full-arty.pl;
spoleczenstwo.masz-bloga.pl;
spoleczenstwo.new-newsy.pl;
spoleczenstwo.new-newsy.pl;
spoleczenstwo.stabilna-wersja.pl;
sportowy.baza-biznesu.edu.pl;
sportowy.branzowykatalog.edu.pl;
sportowy.dlapozycjonerow.edu.pl;
sportowy.dodajfirme.net.pl;
sportowy.dokatalogu.org.pl;
sportowy.eleganckikat.info.pl;
sportowy.ertus.biz.pl;
sportowy.fascynujacykatalog.pl;
sportowy.finalny.edu.pl;
sportowy.firmawkatalogu.com.pl;
sportowy.freekat.edu.pl;
sportowy.gwiazderski.info.pl;
sportowy.harcerski.info.pl;
sportowy.kaskaderski.net.pl;
sportowy.katalogbiznesowy.edu.pl;
sportowy.katalogdla.info.pl;
sportowy.katalogibiznes.info.pl;
sportowy.katalognatopie.org.pl;
sportowy.katalogpodlupa.biz.pl;
sportowy.lista-firm.net.pl;
sportowy.maszfirme.biz.pl;
sportowy.mega-katalog.info.pl;
sportowy.miejscedlafirm.info.pl;
sportowy.mistrzowski.net.pl;
sportowy.nowabaza.info.pl;
sportowy.nowootwarty.net.pl;
sportowy.nowykatalog.net.pl;
sportowy.otwartykat.net.pl;
sportowy.pionerski.biz.pl;
sportowy.podokiem.org.pl;
sportowy.stronyzpr.net.pl;
sportowy.swiatowykat.com.pl;
sportowy.szybkikatalog.biz.pl;
sportowy.twojafirmaa.com.pl;
sportowy.tworzymybaze.com.pl;
sportowy.uni-kat.info.pl;
sportowy.wkatalogu.biz.pl;
sportowy.zbiorinformacji.org.pl;
sportowy.zbiorwiedzy.org.pl;
srbnp.pl;
srbnp.pl;
srbnp.pl;
srbnp.pl;
srbnp.pl;
srbnp.pl;
stabilny.promuj-katalog.net.pl;
stabilny.seo24.biz.pl;
stolarstwo-krol.pl;
stolarstwo-krol.pl;
stolowe.miasto.wielka.olawa.pl;
stronaprywatna.seo.ilawa.pl;
stronaprywatna.seo.ilawa.pl;
stronaseo.ilawa.pl;
strony.katalog-24.augustow.pl;
strony.kuptanio.pl;
strony.kuptanio.pl;
strony.kuptanio.pl;
strony.kuptanio.pl;
student.olsztyn.pl;
student.olsztyn.pl;
stufek.pl;
stufek.pl;
stworzenidlasiebie.com.pl;
stworzenidlasiebie.com.pl;
stworzenidlasiebie.com.pl;
stworzenidlasiebie.com.pl;
stworzenidlasiebie.com.pl;
stworzenidlasiebie.com.pl;
stylovers.pl;
sudetyinfo.pl;
sudetyinfo.pl;
sukienkiblog.pl;
sukienkiblog.pl;
sukienkiblog.pl;
sukienkiblog.pl;
superforum.aptex.pl;
superforum.aptex.pl;
superforum.aptex.pl;
superforum.aptex.pl;
superforum.aptex.pl;
superogloszenia.warszawa.pl;
superogloszenia.warszawa.pl;
superogloszenia.warszawa.pl;
superogloszenia.warszawa.pl;
superogloszenia.warszawa.pl;
superogloszenia.warszawa.pl;
suwalszczyznainfo.pl;
suweco.eu;
suweco.eu;
suweco.eu;
suweco.eu;
suweco.eu;
swiatopakowan.com.pl;
swiat-zakupow.pl;
swietokrzyskieinfo.pl;
swietokrzyskieinfo.pl;
swiezyblog.biz.pl;
sycowhotel.travel.pl;
sycowhotel.travel.pl;
sycowhotel.travel.pl;
szalony.live.katalog24.augustow.pl;
szkolaprogress.pl;
szkolaprogress.pl;
szkolaprogress.pl;
szkolaprogress.pl;
szkolaprogress.pl;
szkolaprogress.pl;
tajnyblog.warszawa.pl;
tajnyblog.warszawa.pl;
tanszy.lista.katalog-24.augustow.pl;
tara.net.pl;
tara.net.pl;
tara.net.pl;
tatryinfo.pl;
tatryinfo.pl;
teampolice.com;
teampolice.com;
teampolice.com;
tematforum.biz.pl;
tematforum.biz.pl;
tematyczne.dyskusjaforum.net.pl;
tematyczne.dyskusjatop.biz.pl;
tematyczne.forum-dyskusja-o.biz.pl;
tematyczne.forum-dyskutujemy.biz.pl;
tematyczne.forumpolska.net.pl;
tematyczne.forum-tematyczne.net.pl;
tematyczne.forumtwoje.net.pl;
tematyczne.gdzieznalezc.org.pl;
tematyczne.maszproblem.biz.pl;
tematyczne.maszpytanie.biz.pl;
tematyczne.mojadyskusja.org.pl;
tematyczne.polska-forum.org.pl;
tematyczne.polskie-fora.biz.pl;
tematyczne.polskie-fora.net.pl;
tematyczne.tematforum.biz.pl;
tematyczne.tematycznefora.biz.pl;
tematyczne.tematycznefora.net.pl;
tematyczne.top-forum.org.pl;
tematyczne.wpisydlaciebie.pl;
tematycznefora.biz.pl;
tematycznefora.biz.pl;
tematyczne-fora.biz.pl;
tematyczne-fora.biz.pl;
tematyofirmach.info.pl;
teosyal.com.pl;
teosyal.com.pl;
test.katalog24.augustow.pl;
the102.eu;
tobankowosc.artyofirmach.com.pl;
tobankowosc.artywnecie.info.pl;
tobankowosc.biznesnablogu.edu.pl;
tobankowosc.dodajarty.org.pl;
tobankowosc.firmy-nablogu.info.pl;
tobiznes.blog2015.org.pl;
tobiznes.czytajoo.com.pl;
tobiznes.gigantynablogu.edu.pl;
tobiznes.mamywas.org.pl;
tobiznes.mamywas.org.pl;
tobiznes.maszfirmee.net.pl;
tobiznes.piszwiecej.org.pl;
tofinanse.czytaj-wiecej.info.pl;
tofinanse.firma-nablogu.info.pl;
tofinanse.wiescizinternetu.biz.pl;
tokredyty.firmynaczasie.org.pl;
tokredyty.netnatopie.info.pl;
tokredyty.znany-blog.com.pl;
tomekwawrzyczek.pl;
tomekwawrzyczek.pl;
tomekwawrzyczek.pl;
tomekwawrzyczek.pl;
tonsil.estradowiec.pl;
toofe.blogity.org.pl;
toofe.czasdlabiznesu.com.pl;
toofe.swiezyblog.biz.pl;
toofe.wiescizneta.com.pl;
top-forum.biz.pl;
top-forum.net.pl;
top-forum.org.pl;
topp109.wixsite.com;
topseans.pl;
topseans.pl;
topseans.pl;
topseans.pl;
topseans.pl;
topseans.pl;
topserwis.domain.katalog24.augustow.pl;
topstrona.kat.seolista.bialowieza.pl;
total.it.katalog-24.augustow.pl;
total.kat.seolista.bialowieza.pl;
totallyjustyna.blogspot.com;
totallyjustyna.blogspot.com;
totallyjustyna.blogspot.com;
totallyjustyna.blogspot.com;
totallyjustyna.blogspot.com;
totallyjustyna.blogspot.com;
totallysexy.pinger.pl;
totallysexy.pinger.pl;
totallysexy.pinger.pl;
totallysexy.pinger.pl;
toursustainable.eu;
toursustainable.eu;
toursustainable.eu;
toursustainable.eu;
toursustainable.eu;
tr.pinterest.com;
tragiczny.katalog-24.augustow.pl;
trakt.edu.pl;
trakt.edu.pl;
trakt.edu.pl;
trans.czas-pisania.pl;
trans.garsc-wiedzy.pl;
trans.gigant-blog.pl;
trans.i-artyy.pl;
trans.new-newsy.pl;
transfer.katalog.czerwony.babia-gora.pl;
traveltain.pl;
traveltain.pl;
traveltain.pl;
traveltain.pl;
traveltain.pl;
traveltain.pl;
tresci.artywnecie.info.pl;
tresci.firma-nablogu.info.pl;
tresci.mamybiznesy.com.pl;
trojmiasto.blog-gigant.pl;
trojmiasto.blog-jarski.pl;
trojmiasto.blog-trans.pl;
trojmiasto.dodaj-nowosc.pl;
trojmiasto.e-blogowac.pl;
trojmiasto.gigant-blog.pl;
trojmiasto.historia-bloga.pl;
trojmiasto.tematycznystyl.pl;
trzydozera.pl;
trzydozera.pl;
trzydozera.pl;
trzydozera.pl;
tupiszemy.net.pl;
turek.info.pl;
turystykauniejow.pl;
turystykauniejow.pl;
turystykauniejow.pl;
turystykauniejow.pl;
turystykauniejow.pl;
turystykauniejow.pl;
tv.eu.seowpis.bedzin.pl;
twoj.katalog-24.augustow.pl;
twoja.wlasciwareklama.pl;
twojarozmowa.edu.pl;
twojastrefamody.com.pl;
twojastrefamody.com.pl;
twojastrefamody.com.pl;
twojastrefamody.com.pl;
twojastrefamody.com.pl;
tylkodlaciebie.co.pl;
tzp.polkowice.pl;
uciekinier.katalog24.augustow.pl;
ulubiony.2017katalog.com.pl;
ulubiony.kat-regionalny.biz.pl;
ulubiony.omnet.info.pl;
ulubiony.polskiekatalogistron.org.pl;
ulubiony.promuj-katalog.net.pl;
ulubiony.regioinfo.biz.pl;
ulubiony.regionalne-katalogi.org.pl;
ulubiony.seo24.biz.pl;
ulubiony.seo-arena.org.pl;
usa.badz-czasowy.pl;
usa.blog-jarski.pl;
usa.moda-nablogu.pl;
va.seolista.bialowieza.pl;
velgid.com;
vturysta.pl;
vturysta.pl;
vturysta.pl;
vturysta.pl;
vturysta.pl;
vturysta.pl;
warcaby.bielawa.pl;
warszawa.weteranszos.pl;
warszawa.weteranszos.pl;
warszawski.pks-pl.com.pl;
warszawski.regionalne-katalogi.org.pl;
warszawski.twojbiznes.org.pl;
warszawski.twojelinki.org.pl;
warteteksty.pl;
wartopoczytac.co.pl;
wartopoczytac.co.pl;
wartopoczytac.co.pl;
wartopoczytac.co.pl;
wartopoczytac.co.pl;
wartopoczytac.co.pl;
wartosciowe.alemocne.com.pl;
wartosciowe.badznaforum.info.pl;
wartosciowe.badznatopie.info.pl;
wartosciowe.cosdlakazdego.biz.pl;
wartosciowe.co-wybrac.org.pl;
wartosciowe.czasnafirme.info.pl;
wartosciowe.czasprawdy.org.pl;
wartosciowe.czystaprawda.biz.pl;
wartosciowe.czytajofirmach.com.pl;
wartosciowe.czyznasz.com.pl;
wartosciowe.dobreforum.info.pl;
wartosciowe.dobrerelacje.biz.pl;
wartosciowe.dobrewiescii.com.pl;
wartosciowe.dobryinteres.org.pl;
wartosciowe.dodajswojaopinie.net.pl;
wartosciowe.forumdlaklientow.com.pl;
wartosciowe.gdziesieudac.net.pl;
wartosciowe.infonaforum.edu.pl;
wartosciowe.infoofirmach.edu.pl;
wartosciowe.klienciofirmach.info.pl;
wartosciowe.ktorafirma.net.pl;
wartosciowe.mamywiesci.com.pl;
wartosciowe.markanaforum.net.pl;
wartosciowe.markanatopie.net.pl;
wartosciowe.mixwiesci.biz.pl;
wartosciowe.mococen.info.pl;
wartosciowe.mocopinii.info.pl;
wartosciowe.omarce.info.pl;
wartosciowe.piszeklient.net.pl;
wartosciowe.pluspost.biz.pl;
wartosciowe.postawnabiznes.edu.pl;
wartosciowe.postawnafirme.edu.pl;
wartosciowe.postawnaforum.edu.pl;
wartosciowe.postawnaforum.edu.pl;
wartosciowe.wiescinaforum.com.pl;
wartosciowe.znasztafirme.net.pl;
wartosciowe.znasztoforum.org.pl;
wartosciowy.katalog-biznes2017.biz.pl;
web.gov.pl;
web.gov.pl;
web.gov.pl;
web.gov.pl;
web.gov.pl;
webe.majpage.pl;
webe.majpage.pl;
webe.majpage.pl;
webepartners.pl;
webepartners.pl;
webepartners.pl;
webepartners.pl;
webepartners.pl;
webepartners.pl;
webmail.biznesfinder.pl;
webmail.kuptanio.pl;
webmail.kuptanio.pl;
webmaster.artyofirmach.com.pl;
webmaster.czasdlabiznesu.com.pl;
webmaster.mamybiznesy.com.pl;
webmaster.mamy-moc.biz.pl;
webmaster.nowewiesci.edu.pl;
webmaster.piszwiecej.org.pl;
weboxi.co;
weselny.biznes-2017.net.pl;
weselny.dodac-strony.net.pl;
weselny.katalog-biznes2017.biz.pl;
weselny.pks-pl.com.pl;
weteranszos.pl;
weww.naszeforum.info;
weww.naszeforum.info;
weww.naszeforum.info;
weww.naszeforum.info;
white.abc.katalog24.augustow.pl;
white-magic.eu;
white-magic.eu;
white-magic.eu;
white-magic.eu;
white-magic.eu;
white-magic.eu;
wiadomosci24h.co.pl;
wiadomosci24h.co.pl;
wiadomosci24h.co.pl;
wiadomosci24h.co.pl;
wiedza.badz-czasowy.pl;
wiedza.blog-gigant.pl;
wiedza.blog-jarski.pl;
wiedza.blog-neo.pl;
wiedza.duzy-blog.pl;
wiedza.historia-bloga.pl;
wiedza.i-artyy.pl;
wiedza.naturalne-blogi.pl;
wielkopolska.czasdlabiznesu.com.pl;
wielkopolska.czytajoo.com.pl;
wielkopolska.firmy-nablogu.info.pl;
wielkopolska.netnatopie.info.pl;
wielkopolska.noweczytanie.info.pl;
wielkopolska.znany-blog.com.pl;
wielkopolskainfo.pl;
wiescizinternetu.biz.pl;
wiescizinternetu.biz.pl;
wiescizneta.com.pl;
wiizl.com;
wiizl.com;
wiizl.com;
wiizl.com;
wikilinks.pl;
wikilinks.pl;
wikilinks.pl;
wikilinks.pl;
wikilinks.pl;
win-race.eu;
win-race.eu;
win-race.eu;
win-race.eu;
wkuptanio.pl;
wkuptanio.pl;
wlasciwy.katalog-reklamastron.pl;
wmodn.pl;
wmodn.pl;
wmodn.pl;
wmodn.pl;
wnaszeforum.info;
wnaszeforum.info;
wnaszeforum.info;
wnaszeforum.info;
wnaszeforum.info;
wnaszeforum.info;
wnaszeforum.info;
wolneforum.wmodn.pl;
wolneforum.wmodn.pl;
wolneforum.wmodn.pl;
wolneforum.wmodn.pl;
wolneforum.wmodn.pl;
wolneforum.wmodn.pl;
women.seo.seolista.bialowieza.pl;
wozy.biznesnablogu.edu.pl;
wozy.blogowearty.biz.pl;
wozy.blogzmocna.com.pl;
wozy.firma-nablogu.info.pl;
wozy.ibloczek.info.pl;
wozy.mamybiznesy.com.pl;
wozy.mamyfirmy.info.pl;
wozy.mamywas.org.pl;
wozy.netnatopie.info.pl;
wozy.noweczytanie.info.pl;
wpis02.katalog-24.augustow.pl;
wpis04.seowpis.bedzin.pl;
wqww.naszeforum.info;
wqww.naszeforum.info;
wqww.naszeforum.info;
wrock.pl;
wrock.pl;
wrock.pl;
wrock.pl;
wrock.pl;
wszystkietematy.edu.pl;
ww.headcrab.pl;
ww.naszeforum.info;
ww.naszeforum.info;
ww.naszeforum.info;
ww.naszeforum.info;
ww.naszeforum.info;
ww.naszeforum.info;
ww.w.kuptanio.pl;
ww.w.kuptanio.pl;
wybieramykatalog.pl;
wydawajdobrze.com;
wydawajdobrze.com;
wydawajdobrze.com;
wydawajdobrze.com;
wydawajdobrze.com;
wydawajdobrze.com;
wygadani.eu;
wygadani.eu;
wygadani.eu;
wygadani.eu;
wygadani.eu;
wygadani.eu;
wygadani.eu;
wygadani.eu;
wygraj.biz.pl;
wygraj.blog-gigant.pl;
wygraj.blog-jarski.pl;
wygraj.blog-trans.pl;
wygraj.fulltresci.pl;
wygraj.full-tresci.pl;
wygraj.historia-bloga.pl;
wygraj.moda-nablogu.pl;
wygraj.naturalne-blogi.pl;
wygraj.tematycznystyl.pl;
wykop.co.pl;
wykop.co.pl;
wykop.co.pl;
wykop.co.pl;
wykop.co.pl;
wykop.co.pl;
wypozyczalnie.mamy-moc.biz.pl;
wypozyczalnie.piszwiecej.org.pl;
wypozyczalnie.wiescizneta.com.pl;
wypozyczalnie.znany-blog.com.pl;
wywiad.dodaj-nowosc.pl;
wywiad.dodawaj-blogi.pl;
wywiad.duzy-blog.pl;
wywiad.e-blogowac.pl;
wywiad.gigant-blog.pl;
wywiad.new-newsy.pl;
wywiad.opinie-oseo.pl;
wzorowy.net;
wzorowy.net;
wzory.blog-forme.pl;
wzory.blog-wojenny.pl;
wzory.dodawaj-blogi.pl;
wzory.full-art.pl;
wzory.full-arty.pl;
wzory.masz-bloga.pl;
wzory.moda-nablogu.pl;
wzory.new-oblicze.pl;
wzory.nowa-wartosc.pl;
wzory.piszemy-madrze.pl;
xn--bazabiznesw-zeb.com.pl;
xn--bazabiznesw-zeb.com.pl;
xn--bazabiznesw-zeb.com.pl;
xn--bazabiznesw-zeb.com.pl;
xn--bazabiznesw-zeb.com.pl;
xn--bazabiznesw-zeb.com.pl;
xn--bloga-ycb.pl;
xn--bloga-ycb.pl;
xn--bloga-ycb.pl;
xn--bloga-ycb.pl;
xn--bloga-ycb.pl;
xn--blog-eta4j.com.pl;
xn--blog-eta4j.com.pl;
xn--blog-eta4j.com.pl;
xn--blog-eta4j.com.pl;
xn--blog-eta4j.com.pl;
xn--twjbiznes-66a.com.pl;
xn--twjbiznes-66a.com.pl;
xn--twjbiznes-66a.com.pl;
xn--twjbiznes-66a.com.pl;
xn--twojstron-edb9t.com.pl;
xn--twojstron-edb9t.com.pl;
xn--twojstron-edb9t.com.pl;
xn--twojstron-edb9t.com.pl;
xn--twojstron-edb9t.com.pl;
xn--twojstron-edb9t.com.pl;
xxx.top10.evai.pl;
yellow.abc.katalog24.augustow.pl;
yzsjlyt.kuptanio.pl;
yzsjlyt.kuptanio.pl;
yzsjlyt.kuptanio.pl;
za.pinterest.com;
za.pinterest.com;
za.pinterest.com;
za.pinterest.com;
za.pinterest.com;
zabinki.pl;
zabinki.pl;
zabinki.pl;
zabinki.pl;
zabinki.pl;
zabinki.pl;
zadania.blogowe-opinie.pl;
zadania.gigant-blog.pl;
zadania.new-newsy.pl;
zadania.stabilna-wersja.pl;
zadania.tematycznystyl.pl;
zakon.katalog24.augustow.pl;
zakopane.artyyyy.org.pl;
zakopane.blog2015.org.pl;
zakopane.czytaj-wiecej.info.pl;
zapmeta.com.pl;
zatwierdzony.top10.evai.pl;
zblogowani.pl;
zblogowani.pl;
zblogowani.pl;
zdrowepiekno.pl;
zdrowepiekno.pl;
zdrowe-zycie.co.pl;
zdrowe-zycie.co.pl;
zdrowieblog.pl;
zdrowieblog.pl;
zdrowieiuroda.co.pl;
zdrowieiuroda.co.pl;
z-forum.com.pl;
z-forum.org.pl;
zforum.pl;
zforum.pl;
zicherka.pl;
zlombol.pl;
zlombol.pl;
zlombol.pl;
zlombol.pl;
zsskcynia.pl;
zsskcynia.pl;
zsskcynia.pl;
zycie-starozytnych.pl;
zzz.info.pl;
zzz.info.pl;
zzz.info.pl;
zzz.info.pl;
;
"
